"","YEAR","ENTIDAD_RES","[1,5)","[5,10)","[10,15)","[15,20)","[20,25)","[25,30)","[30,35)","[35,40)","[40,45)","[45,50)","[50,55)","[55,60)","[60,65)","[65,70)","[70,75)","[75,120)"
"1",2016,"aguascalientes",0,0,1,2,1,1,1,0,0,1,4,0,0,0,0,0
"2",2017,"aguascalientes",0,2,0,0,0,0,1,4,0,2,1,0,1,0,0,0
"3",2018,"aguascalientes",0,0,0,0,1,1,0,0,0,0,0,0,0,0,0,0
"4",2019,"aguascalientes",0,1,2,2,3,5,3,2,1,4,1,4,1,1,0,1
"5",2020,"aguascalientes",0,0,0,1,0,1,3,0,0,1,0,0,0,0,0,0
"6",2021,"aguascalientes",0,0,0,0,0,0,0,0,0,0,0,0,0,0,0,0
"7",2022,"aguascalientes",0,0,0,0,0,1,0,0,2,0,0,0,0,0,0,0
"8",2023,"aguascalientes",6,33,57,51,59,60,54,50,34,29,26,16,12,11,6,7
"9",2016,"baja california",8,8,2,10,7,4,6,7,8,5,3,3,3,0,1,0
"10",2017,"baja california",3,6,6,4,6,10,6,8,6,4,3,0,0,1,0,0
"11",2018,"baja california",0,0,5,1,2,2,4,0,5,1,2,1,0,0,0,0
"12",2019,"baja california",0,0,3,4,5,6,6,3,5,7,8,6,4,2,1,0
"13",2020,"baja california",0,0,3,2,2,1,0,1,0,2,2,1,1,0,0,0
"14",2021,"baja california",0,1,0,0,2,0,2,1,0,1,0,0,0,0,0,0
"15",2022,"baja california",2,13,14,13,14,17,9,13,10,9,13,9,6,4,1,1
"16",2023,"baja california",1,10,12,10,8,11,11,10,7,8,9,7,4,2,0,0
"17",2016,"baja california sur",41,77,125,103,117,119,135,108,102,96,65,51,42,24,12,19
"18",2017,"baja california sur",11,14,21,22,23,32,26,39,28,23,32,9,16,5,0,5
"19",2018,"baja california sur",31,77,123,115,107,120,132,91,79,81,63,43,36,17,6,10
"20",2019,"baja california sur",17,22,30,16,38,40,30,21,23,21,17,9,8,2,1,0
"21",2020,"baja california sur",4,8,13,4,6,11,11,3,6,4,3,3,2,0,0,2
"22",2021,"baja california sur",2,4,0,1,4,7,3,4,1,0,6,0,2,0,1,0
"23",2022,"baja california sur",10,20,23,12,11,14,12,20,16,12,11,6,5,3,3,3
"24",2023,"baja california sur",74,159,199,141,153,195,146,123,100,74,67,36,27,12,10,20
"25",2016,"campeche",150,243,256,252,382,377,383,292,229,207,129,102,55,37,21,19
"26",2017,"campeche",41,28,49,30,50,58,64,42,42,25,19,13,8,15,3,4
"27",2018,"campeche",11,27,26,24,24,25,19,24,14,24,12,14,2,7,5,1
"28",2019,"campeche",103,251,232,193,146,129,126,114,91,75,58,49,26,16,6,14
"29",2020,"campeche",23,71,89,69,78,84,55,47,52,38,33,15,6,6,2,6
"30",2021,"campeche",10,11,15,11,15,11,13,9,8,10,10,7,4,3,3,1
"31",2022,"campeche",25,46,52,51,28,35,44,22,37,26,21,11,7,5,2,1
"32",2023,"campeche",451,1084,1463,1247,1020,801,650,516,462,371,298,180,113,74,52,48
"33",2016,"chiapas",146,198,222,220,231,203,146,151,114,83,73,43,39,31,28,33
"34",2017,"chiapas",459,516,312,237,233,210,122,109,74,56,41,27,16,19,7,14
"35",2018,"chiapas",1426,2040,1364,801,551,413,330,263,195,154,103,98,72,41,25,32
"36",2019,"chiapas",1731,3509,2659,1791,1312,1064,786,631,497,361,283,209,144,101,66,113
"37",2020,"chiapas",126,218,170,111,119,110,80,61,49,53,36,31,30,13,10,14
"38",2021,"chiapas",89,183,152,102,67,71,48,46,26,23,16,13,10,6,6,9
"39",2022,"chiapas",285,545,595,347,270,246,178,154,101,84,63,48,23,16,11,13
"40",2023,"chiapas",805,1650,1914,1271,1025,844,748,632,459,385,303,200,126,99,68,82
"41",2016,"chihuahua",0,0,0,1,2,6,1,2,0,1,0,0,0,0,0,0
"42",2017,"chihuahua",3,1,3,4,8,0,1,2,6,3,4,2,2,0,3,1
"43",2018,"chihuahua",2,0,1,0,1,1,1,0,2,0,1,0,0,0,0,0
"44",2019,"chihuahua",2,3,6,14,7,14,17,17,13,9,17,4,6,4,0,4
"45",2020,"chihuahua",0,1,0,0,0,0,1,0,1,1,0,0,0,0,0,0
"46",2021,"chihuahua",1,0,0,0,0,1,0,1,0,0,1,0,0,0,0,0
"47",2022,"chihuahua",2,4,12,14,10,11,9,6,8,8,8,5,3,0,0,2
"48",2023,"chihuahua",0,0,2,0,1,2,1,1,1,0,0,0,1,1,0,0
"49",2016,"ciudad de m'exico",0,0,0,0,0,0,0,0,0,0,0,0,0,0,0,0
"50",2017,"ciudad de m'exico",0,0,0,0,0,0,0,0,0,0,0,0,0,0,0,0
"51",2018,"ciudad de m'exico",0,0,0,0,0,0,0,0,0,0,0,0,0,0,0,0
"52",2019,"ciudad de m'exico",0,0,0,0,0,0,0,0,0,0,0,0,0,0,0,0
"53",2020,"ciudad de m'exico",0,1,2,2,1,6,8,4,10,5,4,3,0,0,1,0
"54",2021,"ciudad de m'exico",1,1,3,1,2,7,5,2,3,2,0,0,2,0,0,1
"55",2022,"ciudad de m'exico",0,0,1,0,3,5,3,3,3,2,1,2,1,1,2,0
"56",2023,"ciudad de m'exico",2,11,6,14,21,36,37,26,13,19,23,11,8,12,4,6
"57",2016,"coahuila",14,65,115,125,173,177,137,133,124,94,48,41,40,22,13,11
"58",2017,"coahuila",35,120,235,264,351,322,299,298,269,248,190,114,82,71,32,29
"59",2018,"coahuila",11,30,73,91,73,69,63,61,64,38,37,23,17,9,4,1
"60",2019,"coahuila",7,11,18,22,25,24,28,18,19,14,10,9,4,0,0,1
"61",2020,"coahuila",11,70,117,166,303,341,266,220,219,180,154,110,68,39,27,26
"62",2021,"coahuila",20,66,119,114,172,163,167,138,125,90,69,35,18,13,9,10
"63",2022,"coahuila",18,76,116,112,188,165,170,163,155,142,104,83,39,36,17,24
"64",2023,"coahuila",4,19,30,38,36,46,45,38,26,33,17,22,17,4,7,3
"65",2016,"colima",381,490,541,539,643,639,639,451,409,301,234,155,112,71,51,55
"66",2017,"colima",93,113,107,93,131,105,101,65,65,56,45,40,16,13,10,10
"67",2018,"colima",108,148,116,70,108,91,73,68,63,51,33,23,13,6,5,12
"68",2019,"colima",228,380,334,245,215,168,156,153,105,99,85,56,28,22,17,23
"69",2020,"colima",101,244,207,128,154,132,118,114,93,69,46,21,22,16,10,9
"70",2021,"colima",36,74,98,53,66,72,60,33,46,33,28,10,4,3,4,10
"71",2022,"colima",44,105,116,103,90,62,56,42,40,41,26,15,5,3,5,5
"72",2023,"colima",180,375,447,330,274,181,207,140,136,88,77,42,39,16,12,15
"73",2016,"distrito federal",3,4,2,7,4,29,27,10,12,15,17,8,14,3,4,0
"74",2017,"distrito federal",0,2,2,2,6,7,10,5,1,3,2,5,1,2,0,1
"75",2018,"distrito federal",1,1,4,2,1,9,8,10,5,3,6,5,2,2,2,2
"76",2019,"distrito federal",5,8,8,10,22,32,34,25,24,14,18,18,17,13,7,2
"77",2020,"distrito federal",0,0,0,0,0,0,0,0,0,0,0,0,0,0,0,0
"78",2021,"distrito federal",0,0,0,0,0,0,0,0,0,0,0,0,0,0,0,0
"79",2022,"distrito federal",0,0,0,0,0,0,0,0,0,0,0,0,0,0,0,0
"80",2023,"distrito federal",0,0,0,0,0,0,0,0,0,0,0,0,0,0,0,0
"81",2016,"durango",19,74,182,217,221,216,174,192,190,156,106,82,45,30,24,24
"82",2017,"durango",4,26,62,83,93,96,78,81,78,64,41,27,19,19,5,5
"83",2018,"durango",3,3,4,1,1,6,3,0,4,1,2,0,1,0,0,1
"84",2019,"durango",2,1,8,7,5,11,14,11,7,15,8,6,1,0,0,1
"85",2020,"durango",3,8,25,17,21,21,15,13,10,14,10,11,10,4,2,6
"86",2021,"durango",0,0,1,0,1,4,0,1,0,3,1,0,1,0,0,0
"87",2022,"durango",1,0,0,0,0,0,0,1,0,0,0,0,0,0,0,0
"88",2023,"durango",0,4,6,7,4,3,8,0,3,2,3,4,1,1,0,1
"89",2016,"guanajuato",0,2,6,4,7,4,9,8,5,9,3,2,2,0,1,2
"90",2017,"guanajuato",443,1089,1722,2185,2231,2078,1849,1619,1367,1234,905,659,451,293,176,186
"91",2018,"guanajuato",6,11,21,20,37,44,37,31,26,22,21,11,6,5,1,3
"92",2019,"guanajuato",49,96,157,222,247,266,247,163,151,137,81,66,42,25,16,18
"93",2020,"guanajuato",6,20,34,40,86,113,89,78,42,43,38,23,14,9,7,4
"94",2021,"guanajuato",1,2,3,6,3,7,8,3,4,6,3,2,2,2,0,1
"95",2022,"guanajuato",2,2,1,1,3,0,2,0,1,0,1,2,0,0,0,0
"96",2023,"guanajuato",54,132,209,202,301,324,334,249,227,179,155,98,63,41,29,28
"97",2016,"guerrero",361,757,1209,1185,942,811,613,523,447,326,283,263,160,117,90,103
"98",2017,"guerrero",86,124,178,162,130,121,118,94,72,65,49,30,38,28,16,35
"99",2018,"guerrero",92,169,161,124,122,91,93,90,65,81,40,35,27,21,12,33
"100",2019,"guerrero",563,1461,1675,1232,863,765,610,510,414,364,282,279,167,116,86,107
"101",2020,"guerrero",197,738,827,616,569,533,475,407,305,315,209,166,109,94,62,80
"102",2021,"guerrero",64,226,247,181,157,141,118,94,74,74,46,35,19,18,16,20
"103",2022,"guerrero",200,451,520,332,274,222,190,129,111,77,75,51,40,27,14,34
"104",2023,"guerrero",1054,2803,3801,2434,1572,1362,1140,955,764,696,556,449,316,234,162,196
"105",2016,"hidalgo",3,4,16,20,7,17,11,11,18,9,3,8,4,5,4,5
"106",2017,"hidalgo",16,26,73,61,49,56,47,43,22,17,31,12,4,10,1,10
"107",2018,"hidalgo",7,17,21,29,15,21,12,16,13,11,6,7,7,5,2,4
"108",2019,"hidalgo",63,153,286,255,162,176,164,155,138,119,91,73,68,50,33,39
"109",2020,"hidalgo",23,67,100,135,132,139,135,117,87,82,46,45,33,25,19,12
"110",2021,"hidalgo",0,1,1,5,5,8,3,6,4,0,1,1,0,4,0,0
"111",2022,"hidalgo",0,1,1,5,1,2,2,1,1,1,0,1,1,1,1,0
"112",2023,"hidalgo",25,69,114,112,78,95,85,79,54,55,41,26,17,25,8,10
"113",2016,"jalisco",377,959,1440,1568,1659,1566,1304,1123,1067,827,663,465,317,235,149,195
"114",2017,"jalisco",242,527,915,1016,1118,1098,1009,908,781,653,516,399,275,200,121,134
"115",2018,"jalisco",389,990,1370,1382,1284,1316,1186,944,855,745,579,479,286,183,127,141
"116",2019,"jalisco",2404,4792,7022,6980,7735,7492,6488,5901,5243,5137,4209,3294,2337,1658,1150,1444
"117",2020,"jalisco",285,735,1050,1275,1901,2003,1787,1587,1379,1253,953,662,416,296,187,246
"118",2021,"jalisco",42,69,86,106,178,212,190,147,118,99,68,48,38,15,11,17
"119",2022,"jalisco",28,35,41,52,80,72,74,62,53,46,48,33,18,9,9,8
"120",2023,"jalisco",68,157,205,200,303,316,292,270,208,177,161,123,62,47,35,34
"121",2016,"m'exico",0,0,0,0,0,0,0,0,0,0,0,0,0,0,0,0
"122",2017,"m'exico",0,0,0,0,0,0,0,0,0,0,0,0,0,0,0,0
"123",2018,"m'exico",0,0,0,0,0,0,0,0,0,0,0,0,0,0,0,0
"124",2019,"m'exico",0,0,0,0,0,0,0,0,0,0,0,0,0,0,0,0
"125",2020,"m'exico",17,46,73,54,60,54,63,52,41,32,31,27,19,10,3,12
"126",2021,"m'exico",9,31,40,50,33,37,32,29,27,24,19,12,12,11,6,4
"127",2022,"m'exico",55,188,292,292,255,247,217,196,175,124,136,95,83,47,28,35
"128",2023,"m'exico",136,269,394,295,197,195,219,182,155,133,107,98,64,62,29,44
"129",2016,"mexico",24,52,114,162,130,120,98,78,77,77,59,62,17,22,7,15
"130",2017,"mexico",18,56,108,139,138,137,102,90,74,71,55,48,40,27,15,16
"131",2018,"mexico",11,17,35,42,50,39,37,33,27,25,23,12,15,13,4,8
"132",2019,"mexico",6,41,56,52,45,62,59,45,40,43,29,16,22,9,7,13
"133",2020,"mexico",0,0,0,0,0,0,0,0,0,0,0,0,0,0,0,0
"134",2021,"mexico",0,0,0,0,0,0,0,0,0,0,0,0,0,0,0,0
"135",2022,"mexico",0,0,0,0,0,0,0,0,0,0,0,0,0,0,0,0
"136",2023,"mexico",0,0,0,0,0,0,0,0,0,0,0,0,0,0,0,0
"137",2016,"michoac'an de ocampo",0,0,0,0,0,0,0,0,0,0,0,0,0,0,0,0
"138",2017,"michoac'an de ocampo",0,0,0,0,0,0,0,0,0,0,0,0,0,0,0,0
"139",2018,"michoac'an de ocampo",0,0,0,0,0,0,0,0,0,0,0,0,0,0,0,0
"140",2019,"michoac'an de ocampo",0,0,0,0,0,0,0,0,0,0,0,0,0,0,0,0
"141",2020,"michoac'an de ocampo",201,511,644,651,878,989,868,707,605,563,418,281,186,117,76,72
"142",2021,"michoac'an de ocampo",29,83,92,57,61,66,54,42,39,31,26,24,16,5,5,9
"143",2022,"michoac'an de ocampo",25,54,58,33,33,26,20,36,23,25,11,17,8,3,2,3
"144",2023,"michoac'an de ocampo",61,200,231,181,173,181,171,160,126,101,98,68,45,36,20,19
"145",2016,"michoacan",157,241,371,374,456,486,402,390,324,269,225,181,114,82,41,42
"146",2017,"michoacan",60,82,83,105,84,113,92,88,79,62,55,33,26,12,9,15
"147",2018,"michoacan",56,88,90,102,63,67,81,64,75,54,43,34,23,12,8,8
"148",2019,"michoacan",215,385,397,353,282,298,212,210,170,160,119,87,70,35,24,33
"149",2020,"michoacan",0,0,0,0,0,0,0,0,0,0,0,0,0,0,0,0
"150",2021,"michoacan",0,0,0,0,0,0,0,0,0,0,0,0,0,0,0,0
"151",2022,"michoacan",0,0,0,0,0,0,0,0,0,0,0,0,0,0,0,0
"152",2023,"michoacan",0,0,0,0,0,0,0,0,0,0,0,0,0,0,0,0
"153",2016,"morelos",220,598,859,801,813,728,692,596,563,438,372,281,212,121,68,110
"154",2017,"morelos",95,219,310,335,305,320,252,245,228,174,146,117,83,57,29,30
"155",2018,"morelos",60,91,132,130,116,111,114,94,99,70,69,41,34,16,16,9
"156",2019,"morelos",350,847,1301,1159,879,921,835,755,624,637,474,465,292,194,103,145
"157",2020,"morelos",80,219,275,260,295,293,292,247,194,210,157,116,61,56,32,30
"158",2021,"morelos",98,254,308,305,253,296,244,202,163,150,104,85,53,47,24,20
"159",2022,"morelos",83,162,264,208,210,209,186,155,137,113,99,63,40,27,18,17
"160",2023,"morelos",952,2580,3435,2833,3127,3393,3151,2644,2223,2044,1713,1264,911,559,421,409
"161",2016,"nayarit",107,262,332,349,322,308,245,240,225,181,132,85,80,75,32,70
"162",2017,"nayarit",80,159,193,205,235,241,244,221,179,142,126,87,70,40,31,43
"163",2018,"nayarit",26,61,76,69,84,84,87,64,48,49,29,24,18,11,5,9
"164",2019,"nayarit",270,572,750,605,608,608,563,516,423,382,276,212,125,84,75,74
"165",2020,"nayarit",163,499,604,476,593,645,668,545,500,433,333,224,161,102,86,99
"166",2021,"nayarit",20,13,30,40,51,49,47,30,30,21,20,11,7,8,4,5
"167",2022,"nayarit",16,28,24,28,33,36,25,27,18,8,21,5,8,6,4,6
"168",2023,"nayarit",34,153,203,136,138,133,146,138,100,79,76,57,36,22,10,21
"169",2016,"nuevo le'on",0,0,0,0,0,0,0,0,0,0,0,0,0,0,0,0
"170",2017,"nuevo le'on",0,0,0,0,0,0,0,0,0,0,0,0,0,0,0,0
"171",2018,"nuevo le'on",0,0,0,0,0,0,0,0,0,0,0,0,0,0,0,0
"172",2019,"nuevo le'on",0,0,0,0,0,0,0,0,0,0,0,0,0,0,0,0
"173",2020,"nuevo le'on",71,209,388,445,842,851,627,522,459,428,336,213,117,67,37,36
"174",2021,"nuevo le'on",11,15,15,17,34,41,24,26,26,10,15,8,3,2,3,3
"175",2022,"nuevo le'on",7,9,12,11,21,17,17,14,9,12,10,9,2,1,2,1
"176",2023,"nuevo le'on",9,16,22,13,17,26,21,21,24,13,15,8,6,6,4,3
"177",2016,"nuevo leon",36,86,170,193,212,236,194,227,215,215,184,137,72,55,37,56
"178",2017,"nuevo leon",241,565,1055,963,1023,925,802,721,796,751,498,374,272,187,127,114
"179",2018,"nuevo leon",145,364,584,565,586,501,395,406,394,353,266,218,134,91,69,68
"180",2019,"nuevo leon",93,210,318,339,353,389,244,243,232,266,146,129,75,56,36,45
"181",2020,"nuevo leon",0,0,0,0,0,0,0,0,0,0,0,0,0,0,0,0
"182",2021,"nuevo leon",0,0,0,0,0,0,0,0,0,0,0,0,0,0,0,0
"183",2022,"nuevo leon",0,0,0,0,0,0,0,0,0,0,0,0,0,0,0,0
"184",2023,"nuevo leon",0,0,0,0,0,0,0,0,0,0,0,0,0,0,0,0
"185",2016,"oaxaca",137,145,258,239,258,266,253,192,167,159,128,76,66,37,35,46
"186",2017,"oaxaca",151,190,232,188,186,169,117,80,83,56,54,44,38,22,18,11
"187",2018,"oaxaca",395,754,747,552,389,329,244,194,165,139,99,88,81,44,29,46
"188",2019,"oaxaca",984,1953,2340,1838,1397,1431,1170,914,805,640,511,391,269,186,116,169
"189",2020,"oaxaca",104,269,308,260,296,373,314,238,203,179,126,97,50,44,35,45
"190",2021,"oaxaca",138,316,417,369,321,366,313,263,191,157,118,110,67,49,23,36
"191",2022,"oaxaca",201,457,607,438,403,445,365,323,269,243,195,147,101,74,50,75
"192",2023,"oaxaca",797,1911,2638,2127,1888,1935,1903,1668,1254,1080,985,776,572,470,285,349
"193",2016,"puebla",31,82,138,151,155,137,136,125,113,108,88,54,54,23,21,25
"194",2017,"puebla",39,113,210,245,197,202,140,153,96,104,54,62,39,26,23,18
"195",2018,"puebla",19,24,68,55,56,67,49,35,21,15,13,13,10,4,2,3
"196",2019,"puebla",191,507,802,695,592,589,501,423,329,317,229,199,153,86,47,53
"197",2020,"puebla",90,253,335,306,389,410,331,290,284,194,158,118,76,57,19,31
"198",2021,"puebla",19,34,49,42,51,63,56,43,25,21,25,18,18,8,5,10
"199",2022,"puebla",14,69,81,64,37,55,68,39,21,21,14,13,11,3,1,7
"200",2023,"puebla",245,775,1096,789,643,660,685,536,401,378,279,208,155,122,63,95
"201",2016,"quer'etaro",0,0,0,0,0,0,0,0,0,0,0,0,0,0,0,0
"202",2017,"quer'etaro",0,0,0,0,0,0,0,0,0,0,0,0,0,0,0,0
"203",2018,"quer'etaro",0,0,0,0,0,0,0,0,0,0,0,0,0,0,0,0
"204",2019,"quer'etaro",0,0,0,0,0,0,0,0,0,0,0,0,0,0,0,0
"205",2020,"quer'etaro",4,20,37,54,59,62,48,38,30,28,26,19,12,10,6,7
"206",2021,"quer'etaro",0,0,2,0,1,0,1,2,0,0,0,0,0,1,0,0
"207",2022,"quer'etaro",0,0,0,2,1,1,1,1,0,1,0,0,0,1,0,1
"208",2023,"quer'etaro",1,17,17,15,17,21,13,11,14,11,7,5,8,1,0,2
"209",2016,"queretaro",3,1,4,0,3,5,4,5,4,3,3,0,4,0,1,1
"210",2017,"queretaro",4,6,16,11,13,23,14,18,11,9,9,12,7,2,1,1
"211",2018,"queretaro",1,2,1,0,1,1,1,8,1,0,0,0,0,1,0,1
"212",2019,"queretaro",3,5,9,9,10,15,16,13,7,6,3,2,1,1,2,0
"213",2020,"queretaro",0,0,0,0,0,0,0,0,0,0,0,0,0,0,0,0
"214",2021,"queretaro",0,0,0,0,0,0,0,0,0,0,0,0,0,0,0,0
"215",2022,"queretaro",0,0,0,0,0,0,0,0,0,0,0,0,0,0,0,0
"216",2023,"queretaro",0,0,0,0,0,0,0,0,0,0,0,0,0,0,0,0
"217",2016,"quintana roo",96,160,217,235,286,243,228,203,170,141,102,64,52,25,16,31
"218",2017,"quintana roo",38,39,63,69,73,60,52,46,34,27,26,22,19,14,7,14
"219",2018,"quintana roo",48,83,123,95,86,79,69,62,39,39,21,23,20,10,3,10
"220",2019,"quintana roo",524,1081,1422,991,1016,1047,817,612,451,355,272,186,108,59,41,33
"221",2020,"quintana roo",64,127,154,103,133,165,111,95,83,49,54,34,21,5,14,10
"222",2021,"quintana roo",7,9,13,16,17,28,20,21,13,10,10,5,2,5,2,3
"223",2022,"quintana roo",47,174,222,164,193,213,178,122,80,81,52,19,15,12,4,5
"224",2023,"quintana roo",679,1564,2116,2072,2764,2621,2215,1666,1246,938,747,484,309,143,76,56
"225",2016,"san luis potos'i",0,0,0,0,0,0,0,0,0,0,0,0,0,0,0,0
"226",2017,"san luis potos'i",0,0,0,0,0,0,0,0,0,0,0,0,0,0,0,0
"227",2018,"san luis potos'i",0,0,0,0,0,0,0,0,0,0,0,0,0,0,0,0
"228",2019,"san luis potos'i",0,0,0,0,0,0,0,0,0,0,0,0,0,0,0,0
"229",2020,"san luis potos'i",116,373,563,571,682,714,617,517,395,322,230,183,127,92,78,94
"230",2021,"san luis potos'i",8,16,28,32,42,39,40,28,20,15,14,12,10,6,7,6
"231",2022,"san luis potos'i",1,1,4,4,3,2,3,3,6,2,3,2,1,0,1,1
"232",2023,"san luis potos'i",33,92,175,144,119,128,117,113,103,84,68,71,39,40,17,31
"233",2016,"san luis potosi",7,16,30,24,17,20,24,18,17,7,10,7,5,2,5,10
"234",2017,"san luis potosi",2,16,11,18,17,16,16,13,13,13,14,8,12,9,6,7
"235",2018,"san luis potosi",40,116,191,151,139,139,130,109,72,53,40,29,18,15,15,19
"236",2019,"san luis potosi",271,670,1170,1187,936,974,804,593,407,339,252,237,153,114,66,104
"237",2020,"san luis potosi",0,0,0,0,0,0,0,0,0,0,0,0,0,0,0,0
"238",2021,"san luis potosi",0,0,0,0,0,0,0,0,0,0,0,0,0,0,0,0
"239",2022,"san luis potosi",0,0,0,0,0,0,0,0,0,0,0,0,0,0,0,0
"240",2023,"san luis potosi",0,0,0,0,0,0,0,0,0,0,0,0,0,0,0,0
"241",2016,"sinaloa",91,199,369,360,400,345,319,287,296,220,186,159,97,44,41,56
"242",2017,"sinaloa",37,57,105,119,153,158,137,133,105,90,66,67,35,14,9,17
"243",2018,"sinaloa",50,87,152,148,166,160,158,146,145,130,76,72,36,23,12,19
"244",2019,"sinaloa",36,76,128,139,107,103,88,78,77,65,46,43,31,13,9,17
"245",2020,"sinaloa",94,257,357,362,251,262,176,167,148,130,99,67,45,31,25,28
"246",2021,"sinaloa",101,286,484,390,396,398,308,242,228,227,188,138,100,66,39,68
"247",2022,"sinaloa",78,170,269,244,234,222,179,139,146,116,100,70,55,43,22,43
"248",2023,"sinaloa",47,121,157,114,105,89,77,93,62,39,50,38,17,16,9,15
"249",2016,"sonora",16,18,39,69,46,43,32,34,41,36,22,16,13,7,7,10
"250",2017,"sonora",25,33,46,49,40,53,46,30,37,34,27,24,25,9,2,5
"251",2018,"sonora",11,32,54,52,71,44,52,43,39,45,26,27,16,11,3,4
"252",2019,"sonora",33,109,217,221,209,227,175,149,134,106,92,68,69,33,20,16
"253",2020,"sonora",2,7,6,12,9,8,3,8,9,5,10,7,3,2,1,1
"254",2021,"sonora",7,8,34,22,29,26,27,30,21,15,13,7,10,4,2,2
"255",2022,"sonora",158,446,808,809,944,864,766,608,540,548,406,331,231,167,124,149
"256",2023,"sonora",13,23,23,11,14,11,14,9,9,16,4,6,5,3,3,4
"257",2016,"tabasco",180,309,446,415,603,581,532,448,324,244,208,151,105,56,35,49
"258",2017,"tabasco",28,39,66,60,84,92,72,48,46,36,33,17,13,8,5,2
"259",2018,"tabasco",31,68,69,66,84,100,79,57,47,43,24,22,19,6,2,3
"260",2019,"tabasco",375,867,996,766,656,588,533,445,376,275,240,145,110,90,37,54
"261",2020,"tabasco",131,301,343,274,246,281,209,207,174,131,114,75,51,32,12,17
"262",2021,"tabasco",13,24,49,37,35,44,38,35,25,20,16,12,1,6,2,0
"263",2022,"tabasco",119,324,468,360,296,299,275,248,182,123,92,71,40,37,11,16
"264",2023,"tabasco",331,918,1244,989,836,738,739,619,512,400,310,248,149,93,56,60
"265",2016,"tamaulipas",166,372,615,579,657,574,514,529,496,432,303,235,138,63,46,45
"266",2017,"tamaulipas",173,282,512,462,431,349,335,343,306,273,252,163,110,54,48,49
"267",2018,"tamaulipas",57,112,114,107,99,105,71,66,71,61,48,46,23,33,8,9
"268",2019,"tamaulipas",171,453,769,688,522,491,407,385,360,314,252,179,136,58,45,44
"269",2020,"tamaulipas",355,931,1475,1377,1826,1648,1333,1092,986,932,656,449,268,141,102,123
"270",2021,"tamaulipas",21,15,19,48,88,88,54,54,46,54,35,17,10,2,11,4
"271",2022,"tamaulipas",6,11,33,20,21,18,15,18,16,9,14,7,7,5,1,3
"272",2023,"tamaulipas",15,58,61,57,74,74,57,45,47,35,37,23,18,14,9,11
"273",2016,"tlaxcala",0,1,0,1,1,1,1,5,2,1,3,0,1,0,1,0
"274",2017,"tlaxcala",0,0,0,1,0,1,0,0,0,0,0,0,0,0,0,0
"275",2018,"tlaxcala",0,0,1,1,0,1,0,0,0,0,0,0,0,0,0,0
"276",2019,"tlaxcala",1,2,2,2,3,3,8,4,4,4,0,3,2,3,2,1
"277",2020,"tlaxcala",0,0,0,0,2,1,1,0,1,1,1,1,0,0,0,0
"278",2021,"tlaxcala",0,0,0,0,0,2,0,0,0,0,0,0,0,0,0,0
"279",2022,"tlaxcala",0,0,0,0,2,2,0,0,0,0,0,0,0,0,0,0
"280",2023,"tlaxcala",0,0,1,2,1,3,1,1,1,0,4,2,0,0,0,0
"281",2016,"veracruz",454,703,997,1164,1378,1471,1263,1038,967,857,747,518,382,212,162,194
"282",2017,"veracruz",224,358,433,388,368,363,307,255,223,183,159,130,98,61,47,59
"283",2018,"veracruz",603,1284,1511,1228,1176,1280,1002,774,633,565,502,335,250,164,108,103
"284",2019,"veracruz",1995,4481,5601,4935,4062,4218,3685,3049,2547,2283,1956,1498,1121,714,454,559
"285",2020,"veracruz",187,543,645,546,545,577,476,375,356,283,230,180,126,74,55,64
"286",2021,"veracruz",73,200,277,189,187,202,201,165,128,122,110,75,56,31,28,23
"287",2022,"veracruz",129,370,515,424,319,292,279,253,221,170,156,120,84,45,47,35
"288",2023,"veracruz",796,2416,3567,2794,3223,3364,3205,2654,2226,1980,1745,1315,893,672,330,447
"289",2016,"yucat'an",0,0,0,0,0,0,0,0,0,0,0,0,0,0,0,0
"290",2017,"yucat'an",0,0,0,0,0,0,0,0,0,0,0,0,0,0,0,0
"291",2018,"yucat'an",0,0,0,0,0,0,0,0,0,0,0,0,0,0,0,0
"292",2019,"yucat'an",0,0,0,0,0,0,0,0,0,0,0,0,0,0,0,0
"293",2020,"yucat'an",23,61,97,78,77,69,66,64,42,44,26,16,15,8,3,7
"294",2021,"yucat'an",7,3,3,4,8,15,11,10,7,6,8,7,1,1,0,0
"295",2022,"yucat'an",48,111,204,166,153,100,79,55,33,48,36,26,11,8,6,7
"296",2023,"yucat'an",2139,5145,7200,6076,5985,4342,3151,2459,2059,1855,1443,950,588,370,266,231
"297",2016,"yucatan",242,337,454,474,530,476,365,326,265,174,153,110,80,54,43,51
"298",2017,"yucatan",76,87,80,89,142,118,71,69,60,47,33,26,20,10,6,8
"299",2018,"yucatan",30,45,46,41,55,42,29,33,24,19,15,14,9,5,1,1
"300",2019,"yucatan",180,444,655,521,417,345,265,190,163,116,76,50,35,27,14,13
"301",2020,"yucatan",0,0,0,0,0,0,0,0,0,0,0,0,0,0,0,0
"302",2021,"yucatan",0,0,0,0,0,0,0,0,0,0,0,0,0,0,0,0
"303",2022,"yucatan",0,0,0,0,0,0,0,0,0,0,0,0,0,0,0,0
"304",2023,"yucatan",0,0,0,0,0,0,0,0,0,0,0,0,0,0,0,0
"305",2016,"zacatecas",7,12,25,22,17,23,24,19,10,20,7,3,11,4,3,5
"306",2017,"zacatecas",0,0,1,0,3,1,0,1,1,0,0,0,0,0,0,0
"307",2018,"zacatecas",0,1,0,1,2,1,2,2,1,2,0,0,0,1,0,0
"308",2019,"zacatecas",1,10,18,15,17,14,15,14,20,4,15,13,2,4,4,4
"309",2020,"zacatecas",0,1,2,0,3,1,11,1,7,1,7,1,1,1,1,0
"310",2021,"zacatecas",0,0,0,0,0,1,0,0,0,0,0,0,0,0,0,0
"311",2022,"zacatecas",0,0,0,1,2,0,2,0,0,0,0,0,0,0,0,0
"312",2023,"zacatecas",1,0,0,0,3,0,3,0,0,0,1,0,0,0,0,0
