"","NOM_ENT","Year","1A4","5A9","10A14","15A19","20A24","25A29","30A34","35A39","40A44","45A49","50A54","55A59","60A64","65A69","70A74","75YMAS"
"1","aguascalientes","2016",104149.933234521,127139.335500165,134867.34667177,128442.873551112,123241.372855142,106390.096676238,97678.4092320249,92091.7140056258,89398.1594566964,73326.6378151337,64429.1350863544,50763.1931683666,39556.7774795585,28761.0995414089,20848.3590712243,29754.7622961227
"2","aguascalientes","2017",103667.39218019,128139.333778524,133596.242527452,129349.20245436,124208.218316715,109308.15834091,99915.3165009166,93857.8523908646,90157.8364954162,76031.2877298738,66743.9573236679,52691.5405289202,41594.016223545,30392.0161670021,21949.236451163,31140.8636255161
"3","aguascalientes","2018",103187.086805344,129147.197416198,132337.118345562,130261.926668288,125182.64881345,112306.256438904,102203.450588191,95657.8618450644,90923.9690272544,78835.6985415984,69141.9469352319,54693.1402463659,43736.1760951977,32115.4149675484,23108.2445934088,32591.5353546399
"4","aguascalientes","2019",102709.006751771,130162.98827717,131089.861216781,131181.091319998,126164.723850989,115386.586205071,104543.98462559,97492.3919488707,91696.6119089318,81743.5499267468,71626.0919743094,56770.774966559,45988.6607042131,33936.5402041892,24328.4530364843,34109.785442893
"5","aguascalientes","2020",102233.141709249,131186.768712007,129854.359295948,132106.741855026,127154.5034018,118551.403085038,106938.118610434,99362.1047406114,92475.8204633245,84758.6572864667,74199.4878495105,58927.3330400485,48357.1519550256,35860.9335172625,25613.0934029165,35698.7619730089
"6","aguascalientes","2021",101759.481415326,132218.601561686,128630.501792022,133038.924039579,128152.047908847,121803.024386674,109387.080020862,101267.674955211,93261.6504834246,87884.9767528151,76865.341181875,61165.8125374937,50847.6243794421,37894.4507893817,26965.5679579259,37361.7596785874
"7","aguascalientes","2022",101288.015655096,133258.550161454,127418.178958154,133977.683962808,129157.418289276,125143.830976834,111892.124445166,103209.790267685,94054.1582363353,91126.6103796112,79626.9738005344,63489.3254176151,53466.3602074301,40043.2799647455,28389.4586200479,39102.2267757053
"8","aguascalientes","2023",100818.73426098,134306.678344709,126217.282081838,134923.06803908,130170.675938136,128576.269024663,114454.536225527,105189.151541307,94853.4004672996,94487.8115247549,82487.8268819301,65901.1018534734,56219.9652140766,42313.9598789038,29888.5364475521,40923.7721127725
"9","baja california","2016",231126.891548326,300445.677748325,307955.790076454,301670.011764676,310543.410341113,287635.123434162,268895.487826298,261473.839724616,256006.18904388,210210.910073388,183059.856790475,134541.646257156,106880.222689352,74017.5050907503,49612.7837238952,67792.555124885
"10","baja california","2017",228792.788370066,300411.471331059,309216.731261294,305269.764714023,317916.501323693,297452.524391031,277055.103991427,268954.968396632,260440.343172476,221985.02301233,192074.795741782,142438.730019916,113162.897327195,78764.3937192934,53194.6739862228,71807.6910605416
"11","baja california","2018",226482.256822136,300377.268808271,310482.835436157,308912.472616767,325464.648252809,307605.007379599,285462.323180692,276650.142520637,264951.299049146,234418.61521165,201533.683059053,150799.342613271,119814.882578469,83815.7096805892,57035.1656993933,76060.6306392693
"12","baja california","2019",224195.058859465,300343.070179517,311754.123741177,312598.648043643,333192.007402197,318104.009232123,294124.658891825,284565.486233447,269540.386918246,247548.624731749,211458.381358631,159650.691419498,126857.887402663,89190.9765000835,61152.9290921075,80565.4582092856
"13","baja california","2020",221930.958840949,300308.875444353,313030.617403048,316328.809681767,341102.833726113,328961.357136419,303049.852619163,292707.298891912,274208.960064625,261414.058568906,221871.829900067,169021.580790901,134314.896863727,94910.969785426,65567.9823261055,85337.0922896479
"14","baja california","2021",219689.723505179,300274.684602338,314312.337735377,320103.482407619,349201.483202256,340189.281959249,312245.880772185,301082.060086205,278958.395212695,276056.108538352,232798.097606335,178942.505785891,142210.247142543,100997.797524973,70301.7888127839,90391.3349755211
"15","baja california","2022",217471.121946402,300240.497653027,315599.306139041,323923.197360897,357492.415230324,351800.432024474,321720.961804,309696.43479655,283790.092932421,291518.273648052,244262.438695072,189445.751407014,150569.704958801,107474.98553599,75377.3615557711,95744.9242695608
"16","baja california","2023",215274.925590735,300206.314595977,316891.544102545,327788.492019259,365980.195087511,363807.88736146,331483.563556144,318557.278697484,288705.478052331,307846.489326768,256291.351049427,200565.497663877,159420.551661485,114367.568392817,80819.375026717,101415.589512717
"17","baja california sur","2016",51234.1544075947,63830.6160232134,64839.5161404756,62791.9654460037,64699.0049809443,61134.3616504606,62797.9687840835,60744.3387392927,54004.3603279407,44277.5085227265,36625.7747030684,28581.1962354701,20851.4133583127,15872.5435987539,10693.7804467531,13835.4621721075
"18","baja california sur","2017",51267.1254205012,64670.400357806,65613.7025538717,63527.3419891616,65282.7337009588,63042.2477852814,64085.0439805765,61838.5632431734,55369.6556856966,46098.0675467979,38245.3399604504,29825.7453434697,22289.3606948698,16682.1322634485,11142.6839894157,14518.0756723942
"19","baja california sur","2018",51300.1176514351,65521.2332733549,66397.1327839767,64271.3307593199,65871.7289504766,65009.6753859025,65398.498415021,62952.4986746851,56769.4673566277,47993.4825252966,39936.5212217036,31124.4875114609,23826.4712155804,17533.0144865399,11610.4316061285,15234.3679312924
"20","baja california sur","2019",51333.131114051,66383.2601299677,67189.9172023312,65024.0326169897,66466.0382452908,67038.5026272356,66738.8727428478,64086.5000986861,58204.6679547575,49966.8313116945,41702.4852947026,32479.7825400594,25469.583374706,18427.2964708933,12097.8143334796,15986.0005900986
"21","baja california sur","2020",51366.1658220122,67256.6282001749,67992.1674983168,65785.5496038912,67065.7095298922,69130.6456742658,68106.7187004864,65240.9289760321,59676.1521548442,52021.3183116139,43546.5390212747,33894.0929858231,27226.0072174225,19367.1918475217,12605.6564141932,16774.7172721037
"22","baja california sur","2021",51399.2217889908,68141.4866940908,68803.9966948905,66555.9849567876,67670.7911813376,71288.0804918116,69502.5993324749,66416.1532787922,61184.8372501029,54160.2796862742,45472.1354694006,35369.9886356913,29103.5569014955,20355.0271550241,13134.8166910565,17602.3476274174
"23","baja california sur","2022",51432.2990286678,69037.9867849052,69625.5191645082,67335.4431214803,68281.3320131523,73512.8447107619,70927.0892232258,67612.5476075387,62731.6637240274,56387.1887698888,47482.8803992284,36910.1511762597,31110.5854617039,21393.2475985043,13686.1900593613,18470.811577356
"24","baja california sur","2023",51465.397554733,69946.2816347103,70456.8506452373,68124.0297669686,68897.3812792679,75807.0395525565,72380.7747335412,68830.4933107505,64317.5958366684,58705.6617098093,49582.5390150112,38517.3790663762,33256.0219716733,22484.4231022285,14260.7089803166,19382.1237682398
"25","campeche","2016",67473.3847238453,81173.2958609119,81293.4234427059,80041.215742418,82647.572542285,75242.8394823218,72511.4354126155,67147.8552606099,61497.4368924621,50558.5747839072,45670.0300878622,35598.3758053883,28741.9425782809,21516.1341745868,14938.3836306876,23952.6038602898
"26","campeche","2017",66829.4653145132,81477.2875954595,81104.5422673519,79139.2319381376,80908.317824277,74710.5786017551,72644.9242472768,67995.1096293621,62227.0376977069,52300.7431206517,46829.4964270319,36876.8943203261,29736.2402085944,22540.5563160739,15572.4163436364,24590.0662983517
"27","campeche","2018",66191.6910275492,81782.4177705951,80916.0999478967,78247.4125819561,79205.6643866341,74182.0828853812,72778.6588261974,68853.0544358443,62965.2944301238,54102.9438164278,48018.3991863021,38201.3309300099,30764.934531997,23613.7530522653,16233.3594299581,25244.4938380915
"28","campeche","2019",65560.0032181471,82088.6906497471,80728.0954646806,77365.6431307911,77538.8419835087,73657.3256987772,72912.6396017764,69721.8245692505,63712.3097829592,55967.2454911587,49237.4856946802,39573.3347864861,31829.2154663356,24738.0466300084,16922.3550518476,25916.3379801118
"29","campeche","2020",64934.3438011664,82396.1105123102,80540.5278004132,76493.8103323453,75907.0965782858,73136.2805959295,73046.8670272458,70601.5566207718,64468.187667804,57895.7880461308,50487.5222542905,40994.6142712287,32930.3140934281,25915.8698625319,17640.5938485113,26606.0622410231
"30","campeche","2021",64314.6552457909,82704.6816537054,80353.3959401676,75631.8022105608,74309.6900024723,72618.9213179014,73181.341556672,71492.3889050718,65233.0332290484,59890.7851202363,51769.2946220624,42466.9391223688,34069.5040830887,27149.7713937109,18389.3169936863,27314.1424732315
"31","campeche","2022",63700.880570239,83014.4083854399,80166.6988713751,74779.5080512366,72745.899621764,72105.2217915093,73316.0636449574,72394.461482033,66006.9528585071,61954.5266308545,53083.6085036466,43992.1426383243,35248.1031664148,28442.4212129744,19169.8183404874,28041.0671932376
"32","campeche","2023",63092.9633365238,83325.2950351673,79980.4355838197,73936.8183878095,71215.0180091412,71595.1561280089,73451.0337478416,73307.9161787773,66790.0542102193,64089.3814022873,54431.2900598713,45572.1239605723,36467.4746600416,29796.6164327871,19983.4466572878,28787.3379186719
"33","chiapas","2016",470321.193465137,593291.660804086,571386.674310888,527106.350390126,474634.640619903,405845.921099652,379833.664827688,349817.846303445,304643.784145193,255936.830343243,220078.18494852,172343.342956883,138349.857162807,103990.687229362,80435.2192346275,118080.90929204
"34","chiapas","2017",468919.431456755,598861.153115111,575024.020470735,527637.732486181,472680.913977809,410924.644285131,384306.660624331,355889.750860351,310997.719441037,263089.244993173,226078.484718415,178280.179703897,143364.868851069,109192.505582757,81860.1946523114,122794.056651145
"35","chiapas","2018",467521.847309707,604482.928723967,578684.521330685,528169.650274762,470735.22941159,416066.922203709,388832.331297504,362067.04748155,317484.178345913,270441.541134391,232242.379064197,184421.52699339,148561.668527762,114654.529103583,83310.4146700638,127695.327206133
"36","chiapas","2019",466128.428572145,610157.478437191,582368.32428945,528702.104295906,468797.553817849,421273.5501742,393411.297156893,368351.565492109,324105.924895985,277999.304658169,238574.328293898,190774.429749075,153946.845783259,120389.773765208,84786.3265165349,132792.229811305
"37","chiapas","2020",464739.162829334,615885.297668739,586075.577684054,529235.095090196,466867.854229454,426545.333467972,398044.185817073,374745.165969299,330865.780776739,285768.277559181,245078.914323174,197346.175576289,159527.229072456,126411.906625545,86288.3853433948,138092.573033569
"38","chiapas","2021",463354.037703542,621666.886483236,589806.430795811,529768.623198759,464946.097814975,431883.087433497,402731.63228353,381249.742293727,337766.626525368,293754.362297975,251760.843990867,204144.303121819,165309.894373316,132735.278395578,87817.0543656958,143604.477115334
"39","chiapas","2022",461973.040853925,627502.749639638,593561.033856331,530302.689163268,463032.251878126,437287.63762245,407474.2790397,387867.220710036,344811.402758239,301963.626285355,258624.952464954,211176.610721716,171302.174159279,139374.95763703,89372.8050047225,149336.386414896
"40","chiapas","2023",460596.159976425,633393.396635297,597339.538053574,530837.293525941,461126.283857205,442759.819917394,412272.776135031,394599.560897338,352003.111423961,310402.30649208,265676.206741372,218451.165346992,177511.6666969,146346.766670669,90956.1170333712,155297.082343389
"41","chihuahua","2016",257327.883491809,336132.468327691,342514.440601249,322044.29756466,311635.520045451,274961.714739051,262452.838366588,257272.317628928,252701.05933629,224312.241978025,190194.618072913,149013.884116521,115807.271992415,88686.1872081183,65511.1085033043,86492.6834216516
"42","chihuahua","2017",253360.520904613,331497.130239955,340466.962058593,323276.278071608,312401.182964797,280762.434068082,265826.008498608,258989.072918428,252650.397746646,230251.68704814,197329.340806775,154900.831517854,121680.62846905,91650.3218624704,67575.9914891264,90617.6205314118
"43","chihuahua","2018",249454.325283409,326925.714448374,338431.722907582,324512.971520163,313168.727055154,286685.528051222,269242.532235833,260717.283963258,252599.746313654,236348.399539016,204731.706594919,161020.348856624,127851.861889924,94713.5259945589,69705.9587307724,94939.2807105271
"44","chihuahua","2019",245608.353584136,322417.339450914,336408.649983734,325754.395939685,313938.156938404,292733.578360694,272702.966779654,262457.027206654,252549.105035277,242606.543651405,212411.755463732,167381.624048418,134336.079574718,97879.1107769731,71903.0616570086,99467.0459119795
"45","chihuahua","2020",241821.677302148,317971.135901645,334397.670559928,327000.569428503,314709.477247786,298909.221132871,276207.876492878,264208.379601953,252498.473909481,249030.393847728,220379.904068576,173994.207986921,141149.15503571,101150.498050736,74169.4163567857,104210.745525048
"46","chihuahua","2021",238093.382248059,313586.246443098,332398.712343791,328251.510154184,315482.692627921,305215.148117276,279757.832991779,265971.418615991,252447.852934228,255624.337771629,228646.959822182,180868.028883736,148307.766836486,104531.224024146,76507.2056173011,109180.677714069
"47","chihuahua","2022",234422.568327034,309261.825540947,330411.703475097,329507.236353791,316257.807734844,311654.107849824,283353.415239316,267746.222232536,252397.242107485,262392.879244849,237224.135553024,188013.40717472,155829.439421446,108024.943095242,78918.6810262996,114387.631774865
"48","chihuahua","2023",230808.34932148,304997.039320965,328436.572523187,330767.766334157,317034.827236026,318228.906850813,286995.209639558,269532.868955733,252346.641427217,269340.641343436,246123.064713585,195441.071015209,163732.586016043,111635.43180203,81406.1651406389,119842.911557381
"49","ciudad de m'exico","2016",440210.767162324,597879.018001755,627322.645788814,651196.187950884,740902.320789437,723298.892212106,726850.303377557,692498.875263372,688046.554390403,606203.69353251,587419.955993908,481160.487679814,418676.236023643,314911.446093971,235204.036493916,349487.263273513
"50","ciudad de m'exico","2017",429467.342300489,589352.857495149,622844.035753865,651164.508980964,734430.605640927,730630.950561598,731195.855584909,695994.722929572,683746.859612466,621477.019609661,596391.182862724,492231.801720458,430957.464823501,324845.707171492,243011.626704305,361162.643214336
"51","ciudad de m'exico","2018",418986.112701405,580948.285823064,618397.39961302,651132.831552143,728015.420342289,738037.333758285,735567.388140482,699508.218206971,679474.034201239,637135.157742475,605499.420588442,503557.862353402,443598.944738317,335093.356486818,251078.389613437,373228.064541749
"52","ciudad de m'exico","2019",408760.679441387,572663.569046215,613982.509096816,651101.155664344,721656.271110366,745518.795230829,739965.056370565,703039.450183596,675227.910246462,653187.803285942,614746.761635691,515144.531197789,456611.243185079,345664.280249588,259412.928450472,385696.557434129
"53","ciudad de m'exico","2020",398784.79976366,564496.997952462,609599.137565462,651069.481317494,715352.668475155,753076.096045376,744389.016530081,706588.50839721,671008.320887169,669644.895869904,624135.330425753,526997.804746314,470005.237559832,356568.676541833,268024.13202848,398581.587371219
"54","ciudad de m'exico","2021",389052.38326708,556446.887704194,605247.059997206,651037.808511516,709104.127242129,760710.004982973,748839.425808139,710155.482837573,666815.100305131,686516.62555357,633667.28382461,539123.817468619,483792.124330443,367817.065156375,276921.184224383,411897.069676317
"55","ciudad de m'exico","2022",379557.488187864,548511.577490725,600926.052976778,651006.137246337,702910.16645489,768421.298617778,753316.44233362,713740.463948731,662648.083718337,703813.439135097,643344.811638453,551528.844986086,497983.428396088,379420.297745579,286113.573773597,425657.38454427
"56","ciudad de m'exico","2023",370294.317772068,540689.430185659,596635.894683928,650974.467521881,696770.309358154,776210.761396059,757820.225180797,717343.542631306,658507.107374522,721546.046620133,653170.137116745,564219.307319679,512591.012721281,391389.568290259,295611.104389794,439877.392571521
"57","coahuila","2016",226632.861624505,271676.62408261,279452.671652555,269876.627131094,259281.559612217,220889.97396715,217402.431050425,219411.731834967,214748.89191991,179371.841004085,158931.276761323,125515.362940786,98571.0321273432,74668.0502810928,51642.2837602848,73370.7351660416
"58","coahuila","2017",227535.411443284,272940.051909455,276717.059288364,269860.490952617,260658.005098199,227008.361677217,219221.106543479,219574.797114532,215832.406840433,185598.22133211,163627.086324101,129560.235702552,103363.165935257,77033.1630845009,54014.4458922061,75814.4130491048
"59","coahuila","2018",228441.55560478,274209.35528735,274008.226324646,269844.355738937,262041.757706903,233296.221398613,221054.996128359,219737.983583083,216921.388632391,192040.732641297,168461.639046181,133735.459006876,108388.274339635,79473.1909091502,56495.5720894316,78339.47980721
"60","coahuila","2019",229351.308423215,275484.56154045,271325.910613041,269828.221489997,263432.856229582,239758.24730307,222904.227078232,219901.291330688,218015.864878869,198706.877300368,173439.034255698,138045.233545586,113657.683644118,81990.5066906569,59090.6675610777,80948.6461695521
"61","coahuila","2020",230264.684269818,276765.698119984,268669.85257141,269812.088205738,264831.339663416,246399.26358525,224768.927730965,220064.72044748,219115.863302121,205604.418101313,178563.492400207,142493.895382492,119183.270792444,84587.5585274463,61804.9674280045,83644.7131485838
"62","coahuila","2021",231181.697573049,278052.79260484,266039.795158706,269795.955886104,266237.247212612,253224.228064235,226649.227498034,220228.271023659,220221.411764274,212741.387299236,183839.3586253,147085.920315906,124977.490138391,87266.872061537,64643.9472836957,86430.5750469795
"63","coahuila","2022",232102.36281883,279345.872702163,263435.483850108,269779.824531037,267650.618289499,260238.235884752,228545.256873505,220391.943149494,221332.538268033,220126.095966002,189271.10645895,151825.928381736,131053.401517168,90031.0529347368,67613.3342402467,89309.2225647502
"64","coahuila","2023",233026.694550773,280644.966247948,260856.66661238,269763.694140478,269071.492515632,267446.523320937,230457.147443088,220555.73691532,222449.270957392,227767.143668558,194863.341604724,156718.688501713,137424.699681533,92882.7893226384,70719.1184817445,92283.7460098424
"65","colima","2016",48938.4600540094,62628.4294328256,62598.5129781391,62102.2949969153,63510.2392477476,58922.4408663406,56377.352912121,52853.8787735328,50365.8334880774,41194.0085062509,38685.5379579918,29997.9993833911,24638.512454888,18321.4062886791,12914.6277091604,19904.6602833829
"66","colima","2017",47423.8210971339,62014.8701881084,62185.8316184515,61780.6483821697,62483.58503134,58738.6279217944,56678.103589806,53312.485618794,50601.7715335129,42633.1640270482,39406.82729926,31157.603467879,25854.5786088901,19207.2575718113,13652.5629606862,20785.3734578791
"67","colima","2018",45956.0600184579,61407.3218708597,61775.8708649976,61460.6676727628,61473.526861374,58555.3883954244,56980.4586523274,53775.0717413267,50838.814827436,44122.5979424019,40141.5650334235,32362.0332627611,27130.6653056753,20135.9403103166,14432.6634567478,21705.0551796746
"68","colima","2019",44533.7259537643,60805.7255931245,61368.6127821521,61142.3442404656,60479.7964598323,58372.72049841,57284.426658438,54241.6716688486,51076.9685473677,45664.0667803056,40890.001904894,33613.0215528206,28469.7349379917,21109.5254314538,15257.3384979484,22665.4296737756
"69","colima","2020",43155.4129428942,60210.0230438627,60964.0395525304,60825.6695017376,59502.1298854593,58190.6224475107,57590.0162125481,54712.3202286701,51316.2378950832,47259.3884348845,41652.3933331962,34912.3681054515,29874.8961113739,22130.1839930905,16129.1350511012,23668.2974562504
"70","colima","2021",41819.7585399722,59620.1564832967,60562.1334762091,60510.634917495,58540.2674636561,58009.0924650493,57897.2359649691,55187.0525502941,51556.6280967253,48910.4443102856,42428.9995001356,36261.9422599414,31349.4108606668,23200.1920250801,17050.7456154062,24715.5387098485
"71","colima","2022",40525.4424666454,59036.0687373147,60162.8769699519,60197.2319928803,57593.9537175098,57828.1287788937,58206.0946121584,55665.9040680379,51798.1444029187,50619.1815394657,43220.0854385902,37663.685616846,32896.7022227311,24321.9356047217,18025.0165380966,25809.1168089786
"72","colima","2023",39271.1853070033,58457.7031919295,59766.2525664401,59885.4522770336,56662.9372999364,57647.7296224406,58516.6008969656,56148.9105236783,52040.7920888843,52387.6152804964,44025.9211229591,39119.6148313238,34520.3621829091,25497.916177622,19054.9568052375,26951.0820006556
"73","durango","2016",142534.874240602,172302.246040751,170635.143399124,166710.745523462,156761.214517328,132803.459991134,122784.849675461,119412.413451671,114906.907628331,97397.2434542797,89297.453579973,69231.800260135,55833.2211854327,43636.8379197425,33864.748564731,50551.7663528006
"74","durango","2017",141432.017152039,173302.564608207,170617.980036814,165844.547680188,156029.439696927,134890.835674332,124490.464857534,119318.255271549,114974.006291775,100005.653024876,91205.4049492872,71810.1620582296,58360.8956613705,45105.1656619346,34627.4406997823,51944.3739521505
"75","durango","2018",140337.693369901,174308.6906289,170600.818400883,164982.850438849,155301.080864272,137011.020271116,126219.772890613,119224.171336328,115041.144136768,102683.918786949,93154.1220771054,74484.548364381,61003.0026941384,46622.9008878324,35407.3099679151,53375.3453133565
"76","durango","2019",139251.836868114,175320.657818601,170583.658491158,164125.630415157,154576.122073237,139164.5294648,127973.102894185,119130.161587466,115108.32118619,105433.911569198,95144.4759746563,77258.5353664441,63764.7228598695,48191.7061005517,36204.7432275843,54845.7372870522
"77","durango","2020",138174.382131486,176338.500088823,170566.500307465,163272.864346329,153854.547452138,141351.887044097,129750.788559559,119036.225966466,115175.537462933,108257.552303256,97177.3562634089,80135.8324382678,66651.4712690799,49813.2997444622,37020.1360499597,56356.6358381503
"78","durango","2021",137105.26415174,177362.251547957,170549.343849631,162424.529090447,153136.341203377,143573.625030515,131553.168213385,118942.364414876,115242.792989905,111156.813365503,99253.6715727033,83120.287099868,69668.9081844788,51489.4580875449,37853.8929151513,57909.1568478865
"79","durango","2022",136044.418423602,178391.946502411,170532.189117482,161580.601625837,152421.487603104,145830.283807758,133380.584882034,118848.576874293,115310.087790024,114133.719954812,101374.349945878,86215.8901623288,72822.9501194676,53222.0171670875,38706.4274128539,59504.4469379595
"80","durango","2023",134991.780940901,179427.619457764,170515.036110844,160741.05905044,151709.971000866,148122.412253165,135233.386356889,118754.863286357,115377.421886225,117190.3515072,103540.339255073,89426.7810643131,76119.7814390888,55012.8748008507,39578.1624475107,61143.6843173735
"81","guanajuato","2016",446863.568159895,556485.076509369,577820.892574626,561911.443328252,546062.873624134,468124.229021005,438082.923318673,421885.534851102,389173.204425616,321133.618821852,279934.516854032,222619.056129132,179462.84379944,137098.658950966,101441.646249032,163580.557951625
"82","guanajuato","2017",445428.761957608,554507.513841807,570834.045730131,559713.923244575,544955.106483217,476574.230764157,444240.420213192,426319.869798375,393803.415272759,331891.426051044,289186.955014987,229466.577664697,187716.514684197,142957.974081237,105464.664247668,169209.165906392
"83","guanajuato","2018",443998.56268456,552536.978773492,563931.681862031,557524.997209971,543849.5866074,485176.761526388,450484.464119677,430800.81294811,398488.714322906,343009.614160958,298745.206167081,236524.721561148,196349.779927493,149067.704307166,109647.228886325,175031.44741201
"84","guanajuato","2019",442572.95554865,550573.446330675,557112.779426065,555344.63161488,542746.309437782,493934.574573597,456816.271504071,435328.854187645,403229.756991158,354500.255721442,308619.378087737,243799.966334641,205380.097443396,155438.551855675,113995.667536732,181054.0665397
"85","guanajuato","2020",441151.925805275,548616.891628357,550376.329230197,553172.792981185,541645.270424711,502850.472870249,463237.075930419,439904.488553401,408027.206490454,366375.827727082,318819.912638173,251298.989773489,214825.728052433,162081.676344887,118516.558504342,187283.916663268
"86","guanajuato","2021",439735.458757171,546667.289869972,543721.334285253,551009.447961693,540546.465027766,511927.309976468,469748.128301189,444528.216285006,412881.733924351,378649.225145214,329357.596805588,259028.675067553,224705.772408046,169008.714332085,123216.740979978,193728.128349125
"87","guanajuato","2022",438323.539754267,544724.616347071,537146.809657372,548854.563339626,539449.888715732,521167.990961332,476350.697100971,449200.542879984,417794.018380896,391333.774917796,340243.57411032,266996.117126174,235040.20962132,176231.799697112,128103.325386138,200394.077517795
"88","guanajuato","2023",436916.154193529,542788.846439014,530651.782322235,546708.10602811,538355.536966592,530575.473332642,483046.068643604,453921.979149017,422764.747027628,404443.250432326,351489.356390036,275208.629090439,245849.937662108,183763.584896917,133183.704133623,207289.39388625
"89","guerrero","2016",281551.170952511,361265.236207973,367561.668263973,352313.024516591,305733.82060866,251904.844268139,236142.931830557,224879.289273667,203373.330025304,176905.197566791,165943.699605496,136755.004325727,114274.399153901,91527.6657283191,71863.3212858884,120160.83165265
"90","guerrero","2017",278386.609524266,359039.719010317,363069.000001297,346037.857904446,299916.3743475,253227.781652631,236841.333181811,224424.408544664,205004.024152246,180459.816464541,168110.871542708,139854.542387692,117396.336336848,94638.9788007483,73294.3337751193,123866.06144383
"91","guerrero","2018",275257.616937732,356827.91175843,358631.245158221,339874.460410301,294209.621371544,254557.666753147,237541.800080586,223970.44793809,206647.793559684,184085.859580924,170306.346056134,143024.331160005,120603.563767186,97856.0551848236,74753.8419796566,127685.544170985
"92","guerrero","2019",272163.793408444,354629.729994367,354247.732533697,333820.841276539,288611.455429556,255894.536057249,238244.338635814,223517.40559274,208304.743088225,187784.762068104,172530.492768418,146265.962867767,123898.411545065,101182.490107972,76242.4133339544,131622.802890473
"93","guerrero","2020",269104.743645406,352445.08978047,349917.799130696,327875.045203598,283119.810347654,257238.42624412,238948.954974494,223065.279651178,209974.978419111,191557.987915269,174783.686129358,149581.065823698,127283.273428168,104622.0010107,77760.626571775,135681.469294166
"94","guerrero","2021",266080.076800595,350273.907696168,345640.790055933,322035.151718422,277732.659266728,258589.374185573,239655.655241748,222614.068259722,211658.606080959,195407.030528059,177066.305478947,152971.305246056,130760.608570814,108178.431701007,79309.0719511911,139865.287059285
"95","guerrero","2022",263089.406419013,348116.100834786,341416.058420818,316299.274554149,272448.013894369,259947.416947062,240364.445600871,222163.769568441,213355.733456559,199333.413319645,179378.735111238,156438.384095099,134332.943310568,111855.756650004,80888.3514840695,144178.115301537
"96","guerrero","2023",260132.350389316,345971.586800386,337242.965243611,310665.561040857,267263.923771022,261312.591788698,241075.332233385,221714.381731145,215066.46878972,203338.690313678,181721.36433904,159984.043928506,138002.873003667,115658.085433572,82499.0791701238,148623.932134727
"97","hidalgo","2016",203291.637629383,275021.604579878,281918.770133672,257136.498950689,243324.925498579,211596.164816194,214691.898912495,205460.556815411,198077.968270057,168204.252735205,153000.413265776,120708.68260254,98460.577104257,77835.3978540022,58490.6390569612,90416.6108246731
"98","hidalgo","2017",201722.647879793,273715.329568401,282430.511518275,260963.508131127,242093.111809852,216374.000642402,217093.19246754,209391.295277222,201296.122652677,174484.958495242,157511.300218872,125253.468772429,103248.011084775,81400.9382135824,60340.3458103237,94009.0943616756
"99","hidalgo","2018",200165.767476474,272415.258994602,282943.181820256,264847.475383744,240867.53408302,221259.719875676,219521.34409579,213397.234084515,204566.562091131,181000.184276044,162155.180937601,129969.370067465,108268.223754915,85129.8114320714,62248.5476515942,97744.3164712249
"100","hidalgo","2019",198620.902960393,271121.363389152,283456.782725793,268789.248425866,239648.160749008,226255.758520502,221976.654200374,217479.811921651,207890.136055872,187758.68699797,166935.976456092,134862.829119924,113532.533478245,89029.4995795367,64217.0944282165,101627.948522412
"101","hidalgo","2020",197087.961593826,269833.613422695,283971.315924127,272789.687591549,238434.960398554,231364.607586289,224459.426544379,221640.494996972,211267.707818621,194769.550562648,171857.723411703,139940.531132748,119052.808949437,93107.8274701385,66247.8944871714,105665.887222349
"102","hidalgo","2021",195566.851354789,268551.979905179,284486.783107564,276849.666019356,237227.901781405,236588.814329368,226969.968288434,225880.77756937,214700.154676596,202042.198062378,176924.577453332,145209.413012547,124841.495952938,97372.9783627993,68342.916524965,109864.263569425
"103","hidalgo","2022",194057.480931522,267276.433785198,285003.18597148,280970.069842932,236026.953805509,241930.983523053,229508.590028708,230202.18248493,218188.368180381,209586.404445427,182140.816750214,150676.672846457,130911.64542272,101833.510381102,70504.1914961207,114229.452162298
"104","hidalgo","2023",192559.759716996,266006.946149331,285520.526214331,285151.798384408,234832.085536216,247393.778756371,232075.605835336,234606.261723844,221733.254365497,217412.309654246,187510.845604173,156349.779735812,137276.942866372,106498.373685361,72733.8145820256,118768.080878758
"105","jalisco","2016",578038.986084013,728783.279234886,739928.825991745,716639.506990341,709573.769979266,636299.00139953,606163.578835191,562331.85508355,536998.087405581,445440.283141881,395860.096020564,312117.274192881,265006.271335502,206718.496439853,150705.811850687,223052.286273995
"106","jalisco","2017",572305.154821734,727211.979473782,734718.014608103,717644.028803869,709353.43269063,645149.422687497,615155.067039732,573089.3908061,541013.847886103,461824.930076668,408165.584971163,323292.573598773,276692.894500826,215032.04757363,158101.060899739,233030.900601453
"107","jalisco","2018",566628.200036191,725644.067527697,729543.899396204,718649.958667139,709133.163821266,654122.946411272,624279.929902459,584052.720622966,545059.638887432,478812.254104968,420853.59557483,334868.002466048,288894.890982865,223679.942917743,165859.200455971,243455.92480688
"108","jalisco","2019",561007.557543777,724079.536092303,724406.221930071,719657.298553833,708912.963349928,663221.284829425,633540.145827731,595225.781421773,549135.684982766,496424.423521314,433936.018689023,346857.887353669,301634.988446558,232675.628717867,173998.037833151,254347.329777275
"109","jalisco","2020",555442.668757277,722518.377879018,719304.725603645,720666.050440395,708692.831255378,672446.174016705,642937.722566439,606612.585403695,553242.212424703,514684.422037459,447425.114803847,359277.067780309,314936.916833713,242033.091984308,182536.254163503,265725.979830423
"110","jalisco","2021",549932.980630357,720960.585614977,714239.155617965,721676.216306042,708472.767516383,681799.374195299,652474.697651315,618217.221524228,557379.449157789,533616.078775906,461333.525532251,372140.914590769,328825.452562835,251766.882239807,191493.44727665,277613.672684002
"111","jalisco","2022",544477.945602602,719406.152042995,709209.258968449,722687.798132765,708252.772111717,691282.67007071,662153.138838703,630043.856961507,561547.624831183,553244.09936668,475674.285457402,385465.348980018,343326.464678145,261892.134141982,200890.176682649,290033.181212778
"112","jalisco","2023",539077.021545096,717855.069921532,704214.784432248,723700.797905333,708032.845020161,700897.871172299,671975.144556877,642096.738612734,565746.970811395,573594.098187936,490460.834348342,399266.862198367,358466.963033736,272424.591015559,210748.010762387,303008.297073877
"113","m'exico","2016",1075461.72854142,1441732.93680099,1490378.05620639,1432294.92416864,1450367.30434971,1308738.2124903,1257878.2267062,1237337.73277037,1190937.46380981,1012280.14033762,903711.401054983,690619.698100671,548623.290301471,393823.376382151,273947.454329914,375475.482655552
"114","m'exico","2017",1065276.13998375,1426510.56169694,1484058.05927054,1443435.60707585,1441658.47544961,1323354.33440717,1264330.25905136,1241706.00521426,1192616.75763222,1044270.69623301,928625.424245031,715600.509071365,574877.152948475,412850.709619272,287229.381862612,393355.861569269
"115","m'exico","2018",1055187.01809848,1411448.91032881,1477764.86248857,1454662.94449363,1433001.93930363,1338133.69066521,1270815.38579349,1246089.69932002,1194298.41936044,1077272.23281023,954226.29121152,741484.915636668,602387.370030431,432797.336712035,301155.263541244,412087.715385786
"116","m'exico","2019",1045193.4492596,1396546.28571311,1471498.35221358,1465977.61043848,1424397.38191636,1353078.10428221,1277333.77668363,1250488.86953199,1195982.45233337,1111316.6995591,980532.93724923,768305.602283866,631214.063232571,453707.672775396,315756.32050755,431711.591876133
"117","m'exico","2020",1035294.52849393,1381801.00878376,1465258.41528054,1477380.28416956,1415844.49117783,1368189.4186356,1283885.6023435,1254903.5704867,1197668.85989459,1146437.05565228,1007564.81967178,796096.435750045,661420.231308044,475628.278813162,331065.287613051,452269.969721725
"118","m'exico","2021",1025489.3593992,1367211.4182029,1459044.93900434,1488871.65022941,1407342.95685212,1383469.49768983,1290471.03427,1259333.85701357,1199357.64539243,1182667.30185384,1035341.93220292,824892.507785941,693071.887757352,498607.965395287,347116.486808985,473807.350465539
"119","m'exico","2022",1015777.05406288,1352775.87017372,1452857.81117768,1500452.39848513,1398892.47056619,1398920.22622631,1297090.24483969,1263779.78413561,1201048.81217992,1220042.51343606,1063884.81976461,854730.179466628,726238.20509631,522697.901344272,363945.904094423,496370.354842045
"120","m'exico","2023",1006156.73298177,1338492.73825528,1446696.92006912,1512123.22416972,1390492.7257986,1414543.51007586,1303743.4073133,1268241.40707005,1202742.36361481,1258598.87413657,1093214.59367275,885647.127104995,760991.666027814,547951.727672678,381591.270195117,520007.823694449
"121","michoac'an de ocampo","2016",362878.085930652,440151.508324944,439078.140779671,420912.648488963,410366.824572177,356467.761868037,326189.708391179,308683.38451776,289685.946855283,242912.880803712,225631.393327396,184017.830082162,150903.408937488,124047.634780538,93597.6863691181,159470.127738238
"122","michoac'an de ocampo","2017",360274.37475073,440599.575554892,436074.562316076,417658.522569682,405364.761861148,359277.77732114,330920.573227591,311151.499938725,292114.16967212,249590.540792114,230037.826853616,188485.417763037,157479.351843078,127882.492222355,96648.6000791999,163600.652965593
"123","michoac'an de ocampo","2018",357689.345635588,441048.098910147,433091.530271782,414429.554686246,400423.670529545,362109.943969082,335720.051761874,313639.349475735,294562.74648304,256451.769238365,234530.315144356,193061.469605659,164341.855704461,131835.901957612,99798.961487483,167838.165243726
"124","michoac'an de ocampo","2019",355122.864538274,441497.07885504,430128.904095995,411225.550338878,395542.807382146,364964.436428492,340589.13912699,316147.090915307,297031.847900505,263501.612427955,239110.538792878,197748.618904598,171503.408035986,135911.528958605,103052.012194883,172185.435704248
"125","michoac'an de ocampo","2020",352574.798373648,441946.515854371,427186.544199375,408046.316531502,390721.438282719,367841.430692498,345528.844888728,318674.883305559,299521.645967097,270745.255368452,243780.211213331,202549.562885591,178977.040522486,140113.151498025,106411.099465663,176645.307255407
"126","michoac'an de ocampo","2021",350045.015011476,442396.410373414,424264.311947465,404891.661760116,385958.838043601,370741.104141566,350540.193255028,321222.886966298,302032.314167502,278188.025602956,248541.079281724,207467.064257661,186776.352732689,144444.664651574,109879.679671634,181220.696441211
"127","michoac'an de ocampo","2022",347533.383269582,442846.762877916,421362.069654157,401761.39600126,381254.290316618,373663.635554445,355624.223288343,323791.263499187,304564.0274406,285835.397128398,253394.92398941,212503.952802923,194915.536865986,148910.083908861,113461.321848638,185914.59534871
"128","michoac'an de ocampo","2023",345039.772907042,443297.5738341,418479.680575207,398655.330700567,376607.087485344,376609.205119189,360781.989121082,326380.175797996,307116.962191654,293692.994421542,258343.561109337,217663.127004986,203409.4035776,153513.548895918,117159.71136894,190730.07356468
"129","morelos","2016",128498.574407056,163418.180097562,168629.292509678,168859.807184684,171732.150856836,148422.529845044,137267.339960603,134505.746238485,128907.92726388,113057.068871494,105068.491529174,86689.4445772547,71135.7625507291,54317.9733958837,41505.8540998817,67301.3776113938
"130","morelos","2017",126451.304518406,162305.181147605,167525.168030236,168325.871680717,169304.104388137,149960.180036863,138793.123503354,134892.494387853,129329.324512763,115800.758336265,107313.151928599,88968.2081648291,74267.7494345062,56959.8151231378,43012.5950368816,69370.7508423669
"131","morelos","2018",124436.652221167,161199.762545575,166428.272964189,167793.624483323,166910.387016376,151513.760209898,140335.866764417,135280.354565037,129752.099300213,118611.032154887,109605.766764557,91306.8725109489,77537.63238474,59730.1470586143,44574.0335171671,71503.7528684858
"132","morelos","2019",122454.097844106,160101.872663682,165338.559975916,167263.060254069,164550.513377326,153083.435397979,141895.758258113,135669.329967479,130176.256129373,121489.506208543,111947.360525201,93707.0121979419,80951.4827311808,62635.218529606,46192.1551649208,73702.3401389358
"133","morelos","2020",120503.129995513,159011.460225762,164255.982039733,166734.173671401,162224.004969116,154669.37234468,143472.988594175,136059.42380182,130601.799518109,124437.835592914,114338.979585623,96170.2431984216,84515.6391139223,65681.5828094584,47869.0176862353,75968.5292595246
"134","morelos","2021",118583.245431297,157928.474304877,163180.492437862,166206.959430594,159930.390055203,156271.739521028,145067.750501042,136450.639283917,131028.733999055,127457.715569842,116781.692675447,98698.2239632936,88236.7192526229,68876.1119004732,49606.7534858229,78304.3988423702
"135","morelos","2022",116693.948925167,156852.864320941,162112.044758419,165681.412243694,157669.203568725,157890.707143405,146680.238849413,136842.979638876,131457.064119659,130550.882542093,119276.591356405,101292.656538362,92121.632233905,72226.0120358026,51407.5723787165,80712.0914124611
"136","morelos","2023",114834.753140898,155784.580038356,161050.592893406,165157.526839469,155439.987018198,159526.447191624,148310.650676053,137236.448101076,131886.79444224,133719.115051769,121824.790510113,103955.287710287,96177.5913397481,75738.8399353022,53273.7644004107,83193.8153728414
"137","nayarit","2016",92740.1751216716,113965.818277166,108673.717956039,105958.882749749,102090.844580522,92100.7272460941,85118.047411398,83243.9467126814,79387.3074338164,67025.8950803692,58782.4777931122,48327.1594970594,39926.6862612446,31285.9503811597,23919.6367143509,38639.6299686807
"138","nayarit","2017",90865.7666242955,113986.813578617,109846.721733892,105555.528951696,100947.122870167,92232.6546967889,86471.5843857123,83743.5948551359,79894.1038439962,68984.189890352,60283.2657664319,49814.8946418965,41751.7983885954,32825.0756120045,24835.8047194968,39935.2582006166
"139","nayarit","2018",89029.2425412031,114007.812747918,111032.386695046,105153.710600999,99816.2142514869,92364.7711237574,87846.6451425445,84246.2419936269,80404.1355648279,70999.7001774009,61822.3706774756,51348.4292064432,43660.3392847553,34439.9187432923,25787.0637180251,41274.3302366664
"140","nayarit","2019",87229.8371754574,114028.815785782,112230.849501942,104753.42185267,98697.9751796687,92497.0767976942,89243.5719505011,84751.9061287763,80917.4232500392,73074.097605455,63400.7708041498,52929.1731102361,45656.1226110115,36134.2047483601,26774.7577623473,42658.3027941732
"141","nayarit","2020",85466.800305925,114049.822692921,113442.248292133,104354.656883969,97592.2637180302,92629.5719896815,90662.7125209027,85260.6053692493,81433.987685208,75209.1026794395,65019.4694009826,54558.5796767043,47743.1363571549,37911.8418521447,27800.2823846623,44088.6814357751
"142","nayarit","2021",83739.3968744915,114070.833470048,114666.722694202,103957.409894322,96498.9395200023,92762.2569711898,92104.4200943337,85772.3579324036,81953.849788604,77406.4861722524,66679.4953368076,56238.1469693436,49925.5508103119,39776.9305463201,28865.0865687312,45567.0222072401
"143","nayarit","2022",82046.9066795924,114091.848117876,115904.413843859,103561.675105237,95417.8638113163,92895.1320140784,93569.0535285678,86287.182144941,82477.030612036,79668.0705934431,68381.9037487278,57969.4191690246,52207.726888045,41733.7730479393,29970.674797175,47094.9333302194
"144","nayarit","2023",80388.6240759435,114112.866637117,117155.464400202,103167.446760219,94348.8993723886,93028.1973905963,95056.9773878921,86805.0964435645,83003.5513417045,81995.7317008019,70127.7767127767,59753.9879936996,54594.2248523722,43786.8832233974,31118.6091771872,48674.0769517611
"145","nuevo le'on","2016",360814.2773794,450936.139280135,452910.366674373,448553.81079412,467146.637360108,420569.547549849,409536.592471163,400982.111103292,388911.639102877,328523.452843492,286527.944560502,220187.184378771,172231.344038764,130625.341338137,96582.4123175538,132626.468756131
"146","nuevo le'on","2017",364803.769689226,454479.487532518,455700.636204563,454635.514330849,476432.012762384,436919.888524731,419269.967241996,407562.922628194,394266.521882112,342675.806954998,298054.263364776,229719.057888481,182666.523351406,136310.370808332,101149.134827435,140514.306373109
"147","nuevo le'on","2018",368837.373471041,458050.678567379,458508.095900014,460799.676464559,485901.951617473,453905.876211441,429234.673195857,414251.736677715,399695.135469829,357437.825689117,310044.257798948,239663.56491663,193733.950922312,142242.822101473,105931.786448858,148871.265899578
"148","nuevo le'on","2019",372915.576461583,461649.931166639,461332.851665111,467047.415207691,495560.122454286,471552.222433596,439436.208334981,421050.325760501,405198.495057649,372835.772588235,322516.580400175,250038.568312567,205471.933506747,148433.463421807,110940.576994464,157725.247930941
"149","nuevo le'on","2020",377038.871790452,465277.465831355,464175.010056691,473379.863731225,505410.266720312,489884.599728076,449880.201331527,427960.491475137,410777.629815254,388897.04259327,335490.634051586,260862.704205983,217921.09879559,154893.531623517,116186.199029189,167105.81242493
"150","nuevo le'on","2021",381207.758039738,468933.504795228,467034.678288062,479798.170570205,515456.200231002,508929.678694351,460572.41463319,434984.064987565,416433.583082857,405650.210782816,348986.60216687,272155.415482108,231124.536036538,161634.752607144,121679.850696323,177044.277390659
"151","nuevo le'on","2022",385422.739304313,472618.272038218,469911.964233046,486303.499832054,525701.814647972,528715.166795825,471518.74764261,442122.907516331,422167.412566309,423125.08321191,363025.480089111,283936.986706052,245127.945175293,168669.362603688,127433.259622855,187573.823447115
"152","nuevo le'on","2023",389684.325252781,476331.993300266,472806.976430049,492897.031407711,536151.078986572,549269.848669644,482725.239972359,449378.910825808,427980.190534899,441352.749940861,377629.107752722,296228.58055901,259979.795032935,176010.130385023,133458.707955144,198729.604600176
"153","oaxaca","2016",300075.552542537,395164.871216417,403416.328900496,367598.89869142,333269.426436113,286275.290522001,278546.007958796,263804.05065015,246114.871148941,209695.050714348,196399.600785465,162477.946211541,134300.384177765,110350.15236295,88720.3739055425,154477.322142575
"154","oaxaca","2017",298620.013951296,393777.425674617,402375.504624283,365563.536779829,327560.444889288,291516.600283101,281351.272972848,267073.170217046,249531.559688694,215639.639235078,199932.522542299,166649.195088733,139454.592100915,114404.554100412,89989.1404559317,159212.538171974
"155","oaxaca","2018",297171.535557304,392394.851530229,401337.365700884,363539.444483369,321949.259502917,296853.871270759,284184.790094538,270382.801454313,252995.680391011,221752.749294873,203528.996037985,170927.53122054,144806.609281856,118607.91959639,91276.0513004501,164092.903473344
"156","oaxaca","2019",295730.083114554,391017.131679512,400301.905202021,361526.559403199,316434.195006389,302288.860404032,287046.843853699,273733.446391751,256507.891732664,228039.158265461,207190.164468947,175315.703826788,150364.027285197,122965.721964498,92581.3659158385,169122.867328624
"157","oaxaca","2020",294295.622543151,389644.249078772,399269.116217291,359524.819485975,311013.604826864,307823.356768767,289937.721645694,277125.613280424,260068.861331729,234503.778950994,210917.191595921,179816.532707216,156134.729026186,127483.635407348,93905.3474895458,174307.015404244
"158","oaxaca","2021",292868.119928508,388276.186744161,398238.991854121,357534.163021936,305685.870597668,313459.182206529,292857.713760271,280559.816669759,263679.266074484,241151.663427385,214711.262113883,184432.910053461,162126.899952224,132167.542604808,95248.2629727951,179650.073931741
"159","oaxaca","2022",291447.541520543,386912.92775146,397211.52523772,355554.528643003,300449.401675123,319198.191914316,295807.113410717,284036.577485597,267339.792244079,247988.006990487,218573.582028616,189167.802307552,168349.039653504,137023.542373712,96610.3831344079,185156.914016521
"160","oaxaca","2023",290033.85373288,385554.455235871,396186.709511035,353585.855320884,295302.634663639,325042.275055251,298786.2167633,287556.423109211,271051.135650985,255018.152216196,222505.379040065,194024.252068117,174809.97391925,142057.957609008,97991.9826153989,190832.556078699
"161","puebla","2016",471269.434929858,604484.161503074,625007.789829506,591916.260209132,572980.621713471,473998.538990685,453535.957906524,434106.830473639,396066.854345194,332246.206116657,297392.048296822,240312.699837369,193321.226856048,150044.949500454,112831.8797057,188512.380932224
"162","puebla","2017",471142.155860733,603125.056949824,619661.435792204,595829.102376144,572519.407841878,487129.255322552,459114.271826502,440022.776778429,403217.998369355,344310.294530418,306352.26323788,247255.787026003,201806.215807341,156598.985153936,116556.55538553,193665.577758236
"163","puebla","2018",471014.911166766,601769.0081676,614360.814787285,599767.8102523,572058.565218853,500623.719002153,464761.19681391,446019.344760244,410498.259133009,356812.438297635,315582.44320406,254399.473099929,210663.616203949,163439.304241083,120404.1857565,198959.642984489
"164","puebla","2019",470887.700838674,600416.008285897,609105.535611653,603732.554821984,571598.093545565,514492.006565272,470477.576757894,452097.633119862,417909.96789006,369768.543509687,325090.722053231,261749.553739325,219909.77341596,170578.411760148,124378.829656848,204398.427406297
"165","puebla","2020",470760.524867174,599066.050449654,603895.210408588,607723.508199867,571137.992523421,528744.473688075,476264.265927107,458258.755531001,425455.497986122,383195.093819074,334885.478710723,269311.992072497,229561.750221927,178029.358933728,128484.67991049,209985.887084771
"166","puebla","2021",470633.383242989,597719.127819227,598729.454639117,611740.843638378,570678.26185407,543391.762919861,482122.129097367,464503.840844363,433137.265618508,397109.171411068,344975.34455304,277092.92351378,239637.358296373,185805.767068109,132726.067750005,215726.086224379
"167","puebla","2022",470506.275956841,596375.233570346,593607.88705364,615784.735535225,570218.901239401,558444.811630025,488052.041680897,470834.033294468,440957.73060993,411528.478736842,355369.21101404,285098.660741199,250155.191079297,193921.852454797,137107.467385617,221623.200129163
"168","puebla","2023",470379.202999458,595034.360894087,588530.129663785,619855.359440967,569759.910381544,573914.860175176,494054.889857145,477250.492709305,448919.397196174,426471.361035756,366076.237420279,293335.698817957,261134.658088354,202392.452359756,141633.50072501,227681.518239775
"169","quer'etaro","2016",151019.383416337,191856.182918298,193533.093075354,189881.219406365,201357.423121127,177569.679293361,169469.526633816,159134.284685708,145351.751150038,117952.925855107,102696.310268897,78857.7548498647,61717.2564651884,45312.8607375566,32023.8976652625,47339.6558767431
"170","quer'etaro","2017",151812.845331912,193261.164635672,194928.373289251,192051.794398944,203397.605500374,186214.640481569,175551.402180601,164852.780793859,150306.390689452,125312.950433603,108130.633324212,83300.1107257498,66050.4262755882,48197.3670386326,34084.6825562279,50407.5137600187
"171","quer'etaro","2018",152610.476128311,194676.435172495,196333.712800213,194247.181723218,205458.459300998,195280.480697341,181851.542396564,170776.77126046,155429.920199377,133132.225695398,113852.521404913,87992.7213263045,70687.8280250139,51265.4939821821,36278.08198435,53674.1849176553
"172","quer'etaro","2019",153412.297709001,196102.069874805,197749.184130919,196467.665014539,207540.193968813,204787.690391932,188377.780303846,176913.640532498,160728.096672207,141439.407956496,119877.191428174,92949.6844476012,75650.8218439872,54528.9304108781,38612.6298900426,57152.5534921282
"173","quer'etaro","2020",154218.332092531,197538.144640405,199174.8603269,198713.531150559,209643.021071771,214757.757592066,195138.230033921,183271.038417322,166206.873340297,150264.941629196,126220.665536239,98185.8920679374,80962.2675582211,58000.1092506361,41097.4093853305,60856.3385858913
"174","quer'etaro","2021",155028.601413136,198984.735922907,200610.81496031,200985.070288295,211767.154321458,225213.216466793,202141.296915972,189856.889618376,171872.406365243,159641.170795701,132899.813706069,103717.075087128,86646.6299822488,61692.25487714,43742.0880938494,64800.1483711613
"175","quer'etaro","2022",155843.127921347,200441.920735801,202057.122133723,203282.575901612,213912.809594818,236177.698258814,209395.687927314,196679.4036136,177731.061755176,169602.457743679,139932.398613735,109559.850586127,92730.091605721,65619.4334976062,46556.9557650281,68999.5377062993
"176","quer'etaro","2023",156661.933984598,201909.776656551,203513.856483958,205606.344819142,216080.204956091,247675.9846954,216910.422518855,203747.084888815,183789.422517856,180185.308898217,147337.122872874,115731.771748973,99240.6731914103,69796.6067397271,49552.9643087973,73471.0694860357
"177","quintana roo","2016",113697.687778951,144535.845857578,136960.553194555,136000.441322979,154672.748786236,151137.489017056,143292.411250976,130954.917257125,115719.098621998,89587.3329213367,72392.3702638921,51079.6629281346,37518.6500444265,25560.6764171305,16694.8819436097,20789.3231127251
"178","quintana roo","2017",115803.393438184,147594.948620269,141501.22057781,139195.35870833,157637.503745956,159306.134436081,151093.171941084,138388.853907864,120991.811135827,96052.4884732626,77530.3346381271,54817.0747406197,40288.2886308513,27569.8199545473,17872.1897157664,22015.4033757951
"179","quintana roo","2018",117948.09721963,150718.797326481,146192.425176375,142465.330975856,160659.086893189,167916.27698739,159318.601787171,146244.793911243,126504.773509743,102984.20815817,83032.9600645513,58827.9466007125,43262.3828117693,29736.8880197844,19132.5201528969,23313.7934876917
"180","quintana roo","2019",120132.521376908,153908.76232482,151039.157766118,145812.1213121,163738.587506118,176991.778609875,167991.819546397,154546.693192368,132268.932670044,110416.162022888,88926.1279376819,63132.2871136693,46456.025563688,32074.2939402238,20481.7279372366,24688.7580258614
"181","quintana roo","2020",122357.401539933,157166.242967332,156046.574582613,149237.534324317,166877.115742124,186557.790927199,177137.202548445,163319.867585792,138295.734337055,118384.449945372,95237.5565539426,67751.568880266,49885.424031404,34595.4267668973,21926.0806178459,26144.8130773456
"182","quintana roo","2021",124623.486962642,160492.668223368,161220.002806646,152743.417013531,170075.803037997,196640.824952389,186780.455211528,172591.070033701,144597.145752555,126927.776985792,101996.931483643,72708.835614852,53567.9817762572,37314.7279692045,23472.2877256,27686.7410719212
"183","quintana roo","2022",126931.540775317,163889.497306429,166564.946231578,156331.659770446,173335.802517816,207268.824559814,196948.681288361,182388.572166398,151185.679442779,136087.641392001,109236.045195957,78028.8171010516,57522.387095978,40247.7741580584,25127.5319413415,29319.606490047
"184","quintana roo","2023",129282.340241576,167358.220314286,172087.091118602,160004.197394757,176658.289408651,218471.243928155,207670.460045171,192742.250513898,158074.418064167,145908.536172589,116988.946593621,83738.0525585763,61768.7078643329,43411.3663113114,26899.5024619825,31048.7724972087
"185","san luis potos'i","2016",192942.029057534,254259.792108148,274105.318233101,256826.04730053,237628.871228881,199227.702944068,195039.939289555,182249.394852988,178679.598135407,153057.300976669,139985.232485665,110540.387409623,89628.441359106,74211.3759439547,57193.4136643842,97777.7978395269
"186","san luis potos'i","2017",191876.694773189,251369.466378647,268657.215536384,256109.481769878,236282.463054407,204487.804440789,197345.902908061,184663.933565726,179082.847325747,157028.177054821,143327.754516156,114184.27120306,93842.0523465383,76154.0654374483,58639.4141410925,100388.365640753
"187","san luis potos'i","2018",190817.242758989,248511.99673997,263317.39903851,255394.915515254,234943.683645592,209886.785557899,199679.130010287,187110.461395356,179487.00658031,161102.07243834,146750.08820482,117948.272986051,98253.7535527023,78147.6102401196,60121.9733270066,103068.632948363
"188","san luis potos'i","2019",189763.640535831,245687.009696948,258083.716448761,254682.342958516,233612.489777753,215428.313059047,202039.942933301,189589.402151027,179892.077952953,165281.659831453,150254.139268573,121836.352361105,102872.857592093,80193.3416313523,61642.0155228029,105820.460668322
"189","san luis potos'i","2020",188715.855803948,242894.136000153,252954.058255236,253971.758537084,232288.83847112,221116.150519464,204428.667825167,192101.185256743,180298.063502172,169569.681278284,153841.858928424,125852.59945616,107709.114883703,82292.6257404763,63200.488397919,108645.75939089
"190","san luis potos'i","2021",187673.856441913,240133.010597645,247926.35687458,253263.1567039,230972.686989446,226954.160882024,206845.634690012,194646.245825748,180704.965291105,173968.949961784,157515.244996005,130001.239227259,112772.734233081,84446.8644590626,64798.3635813774,111546.490717148
"191","san luis potos'i","2022",186637.610505662,237403.27258725,242998.585818613,252556.531927381,229663.992838628,232946.309080801,209291.177433613,197225.024735903,181112.785387548,178482.352049344,161276.342986047,134286.63590306,118074.404381995,86657.4963770989,66436.6372675473,114524.668620927
"192","san luis potos'i","2023",185607.086227508,234704.565169386,238168.758877529,251851.878691378,228362.713765335,239096.664733878,211765.633909522,199837.968706059,181521.525863965,183112.848586278,165127.247255417,138713.297575858,123625.316571187,88925.9977436737,68116.3308372213,117582.360847116
"193","sinaloa","2016",203779.683127215,265422.790348749,270109.94743585,275832.23334635,262636.770764122,218664.234191084,210931.392848856,209023.607895603,205584.506593521,177283.359533378,160513.856688345,129252.982685644,106030.881337264,81933.1191957597,62887.8930976256,89621.1174338871
"194","sinaloa","2017",200783.365736831,261657.80553691,267639.623761599,272248.282596927,261261.575547012,222040.87673631,212101.156959383,208185.47745752,205302.623446702,181025.054680115,163363.740042753,132674.114750563,110200.439704641,85049.024828486,64762.6555648977,93070.2246053842
"195","sinaloa","2018",197831.105328801,257946.226503131,265191.892735688,268710.898932209,259893.581004353,225469.66185035,213277.408241193,207350.707705046,205021.126798406,184845.721043372,166264.222362891,136185.799036115,114533.96178485,88283.4279382686,66693.3069184971,96652.0721467975
"196","sinaloa","2019",194922.254102029,254287.295693989,262766.547734279,265219.477295504,258532.749432616,228951.394725771,214460.182670249,206519.285162706,204740.016118695,188747.025368513,169216.202020732,139790.432323397,119037.895286919,91640.8349684097,68681.5132722218,100371.768628238
"197","sinaloa","2020",192056.173780498,250680.26630185,260363.384023238,261773.420491762,257179.043325692,232486.892989032,215649.516422027,205691.196409054,204459.290878356,192730.669578784,172220.593338619,143490.474832695,123718.941469585,95125.9237416513,70728.9904086926,104234.619225329
"198","sinaloa","2021",189232.235473213,247124.402112441,257982.19874085,258372.139085421,255832.425373859,236076.986892493,216845.445872622,204866.428076463,204178.950548901,196798.391517766,175278.326872459,147288.451902629,128584.065111882,98743.5499777124,72837.5052600396,108246.133285658
"199","sinaloa","2022",186449.819536214,243618.977354584,255622.790880701,255015.051299592,254492.858462751,239722.51950938,218048.00759986,204044.966850905,203898.994602566,200951.965707503,178390.349699947,151186.955713732,133640.504875814,102498.754058688,75008.8774327292,112412.032186414
"200","sinaloa","2023",183708.315436604,240163.276552062,253284.9612747,251701.582916542,253160.305672338,243424.346931769,219257.238384417,203226.799471741,203619.422512313,205193.204122626,181557.625713905,155188.647057658,138895.784076531,106396.768051732,77244.9807778483,116738.257494448
"201","sonora","2016",202038.949859944,257876.234117889,264379.552494516,258624.330319288,247041.591550262,218329.026785292,211716.768225284,212485.229406671,200603.869100332,168560.416188994,153539.829261536,128404.621351996,100856.907590994,72966.4720060055,51742.3425640881,74181.1133358416
"202","sonora","2017",196278.92001608,255097.45906415,263032.070970506,257953.856298185,247089.123762061,220733.525422214,212583.029469765,211149.307183858,201468.260942202,174218.72185043,157698.60998288,131349.149077446,105709.939223311,76419.2600126831,54122.2901719827,77261.5366808004
"203","sonora","2018",190683.105754535,252348.627020962,261691.457248641,257285.12045621,247136.665119329,223164.505254881,213452.8351125,209821.784077494,202336.377404437,180066.967853033,161970.035463382,134361.199633731,110796.488981325,80035.4346364097,56611.7061637122,80469.8767899793
"204","sonora","2019",185246.825370836,249629.415333969,260357.676325319,256618.118287198,247184.215623825,225622.257925682,214326.199655765,208502.607281242,203208.234536238,186111.530192616,166357.156799652,137442.321429665,116127.793287785,83822.7273644873,59215.6256614867,83811.4454977387
"205","sonora","2020",179965.530633575,246939.50482561,259030.693375344,255952.845296666,247231.775277309,228107.078288918,215203.137661172,207191.724320769,204083.848455958,192358.998897052,170863.107730323,140594.098381606,121715.62923951,87789.2355397393,61939.3153836611,87291.7752161285
"206","sonora","2021",174834.802979156,244278.579757663,257710.473751015,255289.297001782,247279.344081542,230619.264446178,216083.663749915,205889.083051652,204963.235351404,198816.185210991,175491.10687449,143818.150727702,127572.340623544,91943.4396728658,64788.2842972619,90916.6280945327
"207","sonora","2022",169850.349815031,241646.327794176,256396.982981223,254627.468931337,247326.922038285,233159.117782099,216967.79260301,204594.631657306,205846.411480138,205490.129021755,180244.460030783,147116.135860806,133710.865185148,96294.2215740249,67768.2947604889,94692.0055596754
"208","sonora","2023",165008.000928326,239042.43996481,255090.186770552,253967.356625713,247374.509149297,235726.943000522,217855.538961544,203308.318646927,206733.393169772,212388.106534515,185126.562538714,150489.749180499,140144.763207875,100850.883342402,70885.3741777293,98624.1582517819
"209","tabasco","2016",181270.967305014,227941.92452309,224274.171416768,212655.355861862,210706.389027951,191023.461635687,188044.949985062,181183.793853199,162455.556047897,136402.34679671,120532.661182054,92828.4675831405,73468.8442011676,54776.6476769606,37301.7360652983,58562.1580727257
"210","tabasco","2017",177926.909477197,226985.369600641,223899.497330385,211668.697984272,204954.465661479,188307.670126173,186385.159492008,180771.807765282,163742.086327403,139060.94875077,122979.624115114,96114.2187949912,76177.3773817123,57134.0501036329,38392.5775704945,60341.1667496085
"211","tabasco","2018",174644.542293623,226032.828846807,223525.449177296,210686.617907055,199359.559946756,185630.489180303,184740.019243383,180360.758474928,165038.804994432,141771.36920001,125476.263439095,99516.2722717318,78985.7644808789,59592.9071909491,39515.3193386537,62174.2183780591
"212","tabasco","2019",171422.72769515,225084.28541619,223152.025911813,209709.094390574,193917.385570946,182991.369869481,183109.399927889,179950.643851994,166345.792733628,144534.618132572,128023.587646519,103038.744641782,81897.6867550523,62157.5852058011,40670.8942521169,64062.954681725
"213","tabasco","2020",168260.348617367,224139.722534082,222779.226489993,208736.106293734,188623.773230207,180389.771069258,181493.173375603,179541.461771179,167663.130868602,147351.725222153,130622.625703558,106685.898245509,84916.9611753567,64832.6383245022,41860.2624741748,66009.0672567433
"214","tabasco","2021",165156.30860329,223199.123496169,222407.04986964,207767.632573533,183474.667435551,177825.159348382,179891.212547902,179133.210112016,168990.901366988,150223.740211701,133274.427465677,110462.14629284,88047.5454309727,67622.8167197753,43084.4122468637,68014.2990867735
"215","tabasco","2022",162109.531423197,222262.471668238,222035.495010297,206803.6522846,178466.123405885,175297.008859426,178303.391527478,178725.886758858,170329.186845544,153151.733304579,135980.064101714,114372.058203432,91293.5431169077,70533.074995779,44344.360712093,70080.4461040541
"216","tabasco","2023",159118.96070148,221329.75048588,221664.560873244,205844.144578744,173594.304045885,172804.801230964,176729.585508438,178319.489600871,171678.070575294,156136.795563354,138740.628526566,118420.365135863,94659.2091130212,73568.5809861472,45641.1547567848,72209.3587978812
"217","tamaulipas","2016",241930.937266502,315889.307206206,313334.960213118,297855.950178936,285222.209993168,259522.371067127,257422.353597088,257891.511854035,249606.810316973,217132.526293186,188918.660586742,148715.869607366,115526.398275662,88744.8399503398,64880.8528364718,100244.819260609
"218","tamaulipas","2017",236893.132149671,310483.94255219,311572.400354856,297245.96225229,285046.497241068,261540.621332825,257381.08365536,257826.838444673,249464.019560056,221839.41444589,194380.842922653,153321.792694334,121238.207715958,91546.6456455269,66989.1735631819,103190.78853073
"219","tamaulipas","2018",231960.230856558,305171.07221937,309819.755181033,296637.223537789,284870.892737801,263574.567101451,257339.820330027,257762.181253952,249321.310488412,226648.336119136,200000.952674405,158070.367184539,127232.41812754,94436.9084854672,69166.0047377721,106223.333197011
"220","tamaulipas","2019",227130.048941364,299949.113483913,308076.968919943,296029.731477137,284695.396416678,265624.330433592,257298.563620029,257697.540277804,249178.683055311,231561.503143539,205783.555978231,162966.011176689,133522.991864968,97418.4211928934,71413.5726256344,109344.997515191
"221","tamaulipas","2020",222400.447445701,294816.510704893,306343.986113607,295423.483517273,284520.008211055,267690.034339074,257257.313524306,257632.915512165,249036.13721405,236581.17529665,211733.350990508,168013.279603734,140124.581603887,100494.064660921,73734.1758352519,112558.400510948
"222","tamaulipas","2021",217769.331951391,289771.734860852,304620.751616006,294818.477110367,284344.728054325,269771.802784345,257216.070041796,257568.306952967,248893.672917955,241709.661342323,217855.171704838,173216.868470794,147052.564471602,103666.810736715,76130.1876690076,115866.238177223
"223","tamaulipas","2022",213234.651653,284813.283094306,302907.210591326,294214.709713807,284169.555879926,271869.760699913,257174.833171439,257503.714596148,248751.290120376,246949.32009262,224153.991879495,178581.619224351,154323.077865124,106939.725093049,78604.0585503822,119271.285736112
"224","tamaulipas","2023",208794.398449666,279939.678264032,301203.308512211,293612.178790187,283994.491621332,273984.033987844,257133.602912176,257439.138437643,248608.988774691,252302.561492725,230634.929078421,184112.523256753,161953.05704012,110315.970190512,81158.3185300251,122776.399967232
"225","tlaxcala","2016",93232.157874849,122143.1739508,125671.451296481,119412.325031476,116827.53982843,100386.4202752,96735.9862272354,93022.7285595208,86100.8442302916,71901.6518678862,64352.7582685762,49989.2293096121,38017.7591643718,28906.4495720516,21154.2342624042,37062.0385630398
"226","tlaxcala","2017",92824.557775573,121502.740560417,124644.277760736,120329.967858445,116554.790452049,101861.023305823,97060.2456170211,93855.2977179957,87267.6387795442,74227.7711697543,66162.3757616704,51703.3118173953,40139.3012463056,30212.4955870388,22030.3984676638,38142.3210859733
"227","tlaxcala","2018",92418.7396563004,120865.665154884,123625.499810955,121254.662456307,116282.677845238,103357.287175553,97385.5919255013,94695.3185112956,88450.2451310195,76629.1436941279,68022.8802028834,53476.1685628305,42379.2338095394,31577.5511386006,22942.8515645492,39254.0916320863
"228","tlaxcala","2019",92014.6957264219,120231.930127275,122615.048825954,122186.463015507,116011.200521373,104875.530066258,97712.0287960316,95542.8576328128,89648.8775581638,79108.2039883205,69935.7025473749,55309.8148578972,44744.1635135317,33004.2823850245,23893.0965631671,40398.2680127688
"229","tlaxcala","2020",91612.4182293892,119601.517962985,121612.856745423,123125.424142923,115740.356997304,106416.074833668,98039.5598841801,96397.9823728567,90863.753238148,81667.4653606666,71902.3139891623,57206.3351176807,47241.0656956005,34495.4759464832,24882.6987251636,41575.7947917328
"230","tlaxcala","2021",91211.8994425634,118974.411239241,120618.856065344,124071.600865071,115470.14579334,107979.249076027,98368.1888577683,97260.7606239967,92095.0922912163,84309.5224285507,73924.2270926489,59167.8852298514,49877.3049446128,36054.0443477216,25913.2881420536,42787.6440647884
"231","tlaxcala","2022",90813.1316770699,118350.592624626,119632.979833439,125025.048631325,115200.565433247,109565.385203757,98697.9193969124,98131.2608864518,93343.11782057,87037.0537488698,76002.9969559704,61196.6950053905,52660.6568227689,37683.0317066548,26986.5624203381,44034.8162623476
"232","tlaxcala","2023",90416.1072776481,117730.044878595,118655.161644666,125985.823317169,114931.614444234,111174.820510146,99028.7551940643,99009.5522735298,94608.0559527907,89852.8245335937,78140.2224070552,63295.0707133494,55599.3307995476,39385.6196799872,28104.2894778343,45318.3409753201
"233","veracruz","2016",547232.5096779,702829.117192088,738028.650894032,712273.801701133,675098.479998496,591787.565082314,576754.341601067,555397.528629798,545773.333030506,491775.842106927,456002.495244079,367388.56613195,302910.271467451,244532.454737124,182225.896698315,285053.267948864
"234","veracruz","2017",532754.802299659,695887.861860333,724600.202421611,704540.686669049,655663.747822755,588988.60691657,574645.623359034,556303.825195881,543793.882609104,497813.345404218,463970.659168098,377350.37102773,313603.02297219,252807.995155695,187267.202863254,295185.34592244
"235","veracruz","2018",518660.120431092,689015.1595017,711416.084881543,696891.529614861,636788.50263437,586202.886891125,572544.614972486,557211.600654871,541821.611402468,503924.970776942,472078.058374778,387582.291996599,324673.229272992,261363.598886488,192447.977502812,305677.56361587
"236","veracruz","2019",504938.330662454,682210.333075814,698471.85266683,689325.419011711,618456.637924324,583430.342393983,570451.288252796,558120.857420023,539856.493372498,510111.628217491,480327.125854221,398091.653282879,336134.214547736,270208.743915819,197772.079032799,316542.722018068
"237","veracruz","2020",491579.567675782,675472.712228858,685763.141058397,681841.453229135,600652.510857714,580670.91110928,568365.6151144,559031.597908528,537898.502575533,516374.23889018,488720.337110467,408885.977729052,347999.773318614,279353.228986852,203243.472612667,327794.077122794
"238","veracruz","2021",478574.227152205,668801.633227542,673285.664753334,674438.740425616,583360.928925502,577924.531015888,566287.567574421,559943.824541524,535947.613162006,522713.735268405,497260.210904389,419972.99216078,360284.187055311,288807.184454744,208866.233098583,339445.356101571
"239","veracruz","2022",465912.958866891,662196.438893713,661035.216419915,667116.39844231,566567.136980534,575191.140386017,564217.117752291,560857.539744099,534003.799376104,529131.061273484,505949.310009553,431360.63291795,373002.241364286,298581.083509158,214644.548078207,351510.774051476
"240","veracruz","2023",453586.659966675,655656.478539618,649007.665278916,659873.55469792,550256.804646772,572470.677783828,562154.237869377,561772.745945296,532067.035555424,535627.1724152,514790.241981301,443057.051535684,386169.243784828,308685.753776575,220582.72098943,364005.051338206
"241","yucat'an","2016",141681.560246032,182627.820792336,188688.43008322,189209.587037983,197524.076296161,174661.343673097,164983.819280945,159165.053022106,148364.608957347,119853.114288387,108069.248197157,90072.5061701042,72627.4091384043,60986.7415580451,42770.2461965171,66813.163767266
"242","yucat'an","2017",142416.882258925,183570.670020081,188878.158592513,191051.71068107,198103.898542639,178677.715051729,169392.123897633,162840.909956149,151543.926911797,125973.271191322,111522.719900389,93223.3886472538,75962.6714595291,63667.3592807068,45192.030303739,69191.4352127912
"243","yucat'an","2018",143156.020565637,184518.386877864,189068.077876128,192911.769036502,198685.422828908,182786.44366701,173918.216729421,166601.659421202,154791.374743894,132405.946636132,115086.551090746,96484.4941081634,79451.0987480219,66465.8011597584,47750.9433448239,71654.3632551558
"244","yucat'an","2019",143898.99497259,185470.996495707,189258.18812589,194789.936714658,199268.654151222,186989.65329146,178565.245032413,170449.261978288,158108.412414641,139167.099010904,118764.268427035,99859.6783317257,83099.7247856279,69387.2460506973,50454.7499856835,74204.9613179962
"245","yucat'an","2020",144645.825389002,186428.524133371,189448.489533819,196686.390025903,199853.597520502,191289.516534158,183336.440156196,174385.723466843,161496.531170671,146273.501599857,122559.511266325,103352.931978238,86915.9063658515,72437.1004409857,53311.6545517163,76846.3500903291
"246","yucat'an","2021",145396.531827419,187390.995181025,189638.982292126,198601.306997142,200440.257962378,195688.255963749,188235.119790782,178413.096050413,164957.254214667,153742.784195041,126476.035265345,106968.385307773,90907.3381275987,75621.0084554108,56330.3259226929,79581.7613447533
"247","yucat'an","2022",146151.134404248,188358.435159919,189829.666593215,200534.86738853,201028.640517232,200188.145257274,193264.69027359,182533.479286486,168492.137390157,161593.476832895,130517.716096963,110710.313063605,95082.0680700221,78944.8623012207,59519.9238372663,82414.5418915647
"248","yucat'an","2023",146909.653340306,189330.869723061,190020.542629687,202487.252710346,201618.750240243,204791.510375417,198428.648958078,186749.02122104,172102.76988097,169845.055764157,134688.553285439,114583.139526467,99448.5137798537,82414.8131723675,62890.1266869259,85348.1576736209
"249","zacatecas","2016",126149.368316862,156714.198450485,153294.267892693,143909.434673742,135219.741107622,118789.492109588,108959.286970968,106611.522911711,101757.563432355,88011.397975337,77986.7739120141,61400.3226981198,49926.7936828877,41229.6525879284,32620.3562091904,56017.1238894548
"250","zacatecas","2017",125579.906922881,156505.87083922,152850.921581869,143270.312292786,133995.10592873,118543.339390819,110336.443433572,106167.904262628,102017.114593165,89762.3675188109,79988.173710694,63327.7202457556,51856.6752965287,42087.6530846821,33232.8613150797,57454.5631969978
"251","zacatecas","2018",125013.016182115,156297.820167723,152408.857484361,142634.028345729,132781.561817673,118297.696743773,111731.006029928,105726.131544457,102277.327786388,91548.1722587788,82040.9360796306,65315.620102555,53861.1549920399,42963.5088095598,33856.8672918466,58928.888221254
"252","zacatecas","2019",124448.684490163,156090.046067843,151968.071891844,142000.570226681,131579.008326753,118052.563111492,113143.194759361,105286.197076141,102538.204700655,93369.5052346594,84146.3791530745,67365.9214768152,55943.1163006074,43857.5913348072,34492.5900887616,60441.0454759928
"253","zacatecas","2020",123886.90029501,155882.548171921,151528.561106722,141369.925385736,130387.345917989,117807.937439208,114573.232401807,104848.093208581,102799.747028909,95227.0732737552,86305.8548929815,69480.5831942627,58105.5542140865,44770.2799651912,35140.2497099267,61992.0057632014
"254","zacatecas","2021",123327.652096789,155675.326112786,151090.321442092,140742.081328722,129206.475954879,117563.818674339,116021.34455296,104411.81232451,103061.956468408,97121.5972655595,88520.7499571443,71661.6255694851,60351.579493427,45701.9618989163,35800.0702904111,63582.7647963377
"255","zacatecas","2022",122770.928447543,155468.379523756,150653.349221713,140117.025616958,128036.300694233,117320.205766482,117487.759659859,103977.346838353,103324.834720742,99053.812441521,90792.4865896033,73911.1323361075,62684.4231436388,46653.0323918889,36472.280173818,65214.343839576
"256","zacatecas","2023",122216.717950995,155261.708038634,150217.640779977,139494.745867004,126876.723278087,117077.097667415,118972.709056927,103544.689196102,103588.383491838,101024.468660375,93122.5235339074,76231.2526375592,65107.4410617324,47623.8949254002,37157.1119913073,66887.7903634573
