"","serotype","ENTIDAD_RES","YEAR","prop_non_hosp","prop_hosp"
"1","DENV1","aguascalientes",2016,1.7307625739901e-05,1
"2","DENV1","aguascalientes",2017,3.4615251479802e-05,3.4615251479802e-05
"3","DENV1","aguascalientes",2018,0,0
"4","DENV1","aguascalientes",2019,0.000121153380179307,0.4
"5","DENV1","aguascalientes",2020,0,0
"6","DENV1","aguascalientes",2021,0,0
"7","DENV1","aguascalientes",2022,0,0
"8","DENV1","aguascalientes",2023,0.00359998615389941,0.842105263157895
"9","DENV1","baja california",2016,0,1
"10","DENV1","baja california",2017,3.4615251479802e-05,3.4615251479802e-05
"11","DENV1","baja california",2018,1.7307625739901e-05,1.7307625739901e-05
"12","DENV1","baja california",2019,8.6538128699505e-05,0.5
"13","DENV1","baja california",2020,1.7307625739901e-05,1.7307625739901e-05
"14","DENV1","baja california",2021,0,0
"15","DENV1","baja california",2022,0,0
"16","DENV1","baja california",2023,0.000536536397936931,0.333333333333333
"17","DENV1","baja california sur",2016,0.000121153380179307,0.000121153380179307
"18","DENV1","baja california sur",2017,0,0
"19","DENV1","baja california sur",2018,3.4615251479802e-05,0
"20","DENV1","baja california sur",2019,6.9230502959604e-05,0.285714285714286
"21","DENV1","baja california sur",2020,6.9230502959604e-05,0.5
"22","DENV1","baja california sur",2021,0,0.5
"23","DENV1","baja california sur",2022,5.1922877219703e-05,0.518518518518518
"24","DENV1","baja california sur",2023,0.00148845581363149,0.534246575342466
"25","DENV1","campeche",2016,5.1922877219703e-05,0.4
"26","DENV1","campeche",2017,0,0
"27","DENV1","campeche",2018,3.4615251479802e-05,0.5
"28","DENV1","campeche",2019,0.000138461005919208,0.272727272727273
"29","DENV1","campeche",2020,3.4615251479802e-05,0.142857142857143
"30","DENV1","campeche",2021,0,0
"31","DENV1","campeche",2022,6.9230502959604e-05,0.0333333333333333
"32","DENV1","campeche",2023,3.4615251479802e-05,0.00714285714285714
"33","DENV1","chiapas",2016,0.000121153380179307,0.05
"34","DENV1","chiapas",2017,1.7307625739901e-05,0.0849673202614379
"35","DENV1","chiapas",2018,0.000155768631659109,0.0107398568019093
"36","DENV1","chiapas",2019,0.000259614386098515,0.0700757575757576
"37","DENV1","chiapas",2020,1.7307625739901e-05,0.134328358208955
"38","DENV1","chiapas",2021,0.000571151649416733,0.571428571428571
"39","DENV1","chiapas",2022,0.000363460140537921,0.5234375
"40","DENV1","chiapas",2023,0.000623074526636436,0.276150627615063
"41","DENV1","chihuahua",2016,0,0
"42","DENV1","chihuahua",2017,0,1
"43","DENV1","chihuahua",2018,0,0
"44","DENV1","chihuahua",2019,0.000623074526636436,0.833333333333333
"45","DENV1","chihuahua",2020,0,0
"46","DENV1","chihuahua",2021,0,0
"47","DENV1","chihuahua",2022,0,0
"48","DENV1","chihuahua",2023,0,0
"49","DENV1","ciudad de m'exico",2016,0,0
"50","DENV1","ciudad de m'exico",2017,0,0
"51","DENV1","ciudad de m'exico",2018,0,0
"52","DENV1","ciudad de m'exico",2019,0,0
"53","DENV1","ciudad de m'exico",2020,6.9230502959604e-05,0
"54","DENV1","ciudad de m'exico",2021,3.4615251479802e-05,0
"55","DENV1","ciudad de m'exico",2022,0,0.333333333333333
"56","DENV1","ciudad de m'exico",2023,0.000242306760358614,0.25
"57","DENV1","coahuila",2016,0.000103845754439406,1
"58","DENV1","coahuila",2017,0.000501921146457129,0.758620689655172
"59","DENV1","coahuila",2018,0.000103845754439406,0.6
"60","DENV1","coahuila",2019,0.000796150784035446,0.607142857142857
"61","DENV1","coahuila",2020,1.7307625739901e-05,0.0185185185185185
"62","DENV1","coahuila",2021,0.0132576413167642,0.836734693877551
"63","DENV1","coahuila",2022,3.4615251479802e-05,0.0169491525423729
"64","DENV1","coahuila",2023,5.1922877219703e-05,0
"65","DENV1","colima",2016,0.000380767766277822,1
"66","DENV1","colima",2017,6.9230502959604e-05,0
"67","DENV1","colima",2018,0.000259614386098515,0.266666666666667
"68","DENV1","colima",2019,0.000398075392017723,0.457831325301205
"69","DENV1","colima",2020,0.00017307625739901,0.0505050505050505
"70","DENV1","colima",2021,8.6538128699505e-05,0.0882352941176471
"71","DENV1","colima",2022,3.4615251479802e-05,0.0114942528735632
"72","DENV1","colima",2023,0.00147114818789159,0.263157894736842
"73","DENV1","distrito federal",2016,8.6538128699505e-05,1
"74","DENV1","distrito federal",2017,6.9230502959604e-05,0
"75","DENV1","distrito federal",2018,5.1922877219703e-05,0.5
"76","DENV1","distrito federal",2019,0.000398075392017723,0.2
"77","DENV1","distrito federal",2020,0,0
"78","DENV1","distrito federal",2021,0,0
"79","DENV1","distrito federal",2022,0,0
"80","DENV1","distrito federal",2023,0,0
"81","DENV1","durango",2016,0.00214614559174772,1
"82","DENV1","durango",2017,0.00276922011838416,0.933333333333333
"83","DENV1","durango",2018,0,0
"84","DENV1","durango",2019,0,1
"85","DENV1","durango",2020,1.7307625739901e-05,0
"86","DENV1","durango",2021,8.6538128699505e-05,8.6538128699505e-05
"87","DENV1","durango",2022,0,0
"88","DENV1","durango",2023,1.7307625739901e-05,0.25
"89","DENV1","guanajuato",2016,0.000276922011838416,0.000276922011838416
"90","DENV1","guanajuato",2017,0.0676208937657932,1
"91","DENV1","guanajuato",2018,0.000726920281075842,0.75
"92","DENV1","guanajuato",2019,0.00299421925300287,0.391304347826087
"93","DENV1","guanajuato",2020,0.00482882758143238,0.857142857142857
"94","DENV1","guanajuato",2021,0.00034615251479802,0.00034615251479802
"95","DENV1","guanajuato",2022,0,0
"96","DENV1","guanajuato",2023,0.00257883623524525,0.16030534351145
"97","DENV1","guerrero",2016,0.00140191768493198,0.88
"98","DENV1","guerrero",2017,0.000138461005919208,0.952380952380952
"99","DENV1","guerrero",2018,0.000328844889058119,0.588235294117647
"100","DENV1","guerrero",2019,0.00150576343937139,0.236641221374046
"101","DENV1","guerrero",2020,0.000674997403856139,0.0829493087557604
"102","DENV1","guerrero",2021,0.00017307625739901,0.275
"103","DENV1","guerrero",2022,0.00309806500744228,0.620689655172414
"104","DENV1","guerrero",2023,0.00223268372044723,0.243943191311612
"105","DENV1","hidalgo",2016,0.000138461005919208,0.000138461005919208
"106","DENV1","hidalgo",2017,0.00128076430475267,0.875
"107","DENV1","hidalgo",2018,1.7307625739901e-05,0
"108","DENV1","hidalgo",2019,0.000121153380179307,0.173913043478261
"109","DENV1","hidalgo",2020,0,0.25
"110","DENV1","hidalgo",2021,5.1922877219703e-05,0
"111","DENV1","hidalgo",2022,6.9230502959604e-05,6.9230502959604e-05
"112","DENV1","hidalgo",2023,0.00051922877219703,0.307692307692308
"113","DENV1","jalisco",2016,0.00247499048080584,1
"114","DENV1","jalisco",2017,0.00796150784035446,0.857142857142857
"115","DENV1","jalisco",2018,0.0233826023746063,0.545871559633027
"116","DENV1","jalisco",2019,0.0231056803627678,0.154520547945205
"117","DENV1","jalisco",2020,0.00154037869085119,0.0401234567901235
"118","DENV1","jalisco",2021,1.7307625739901e-05,0.0625
"119","DENV1","jalisco",2022,0.000121153380179307,0.0769230769230769
"120","DENV1","jalisco",2023,0.00477690470421268,0.306122448979592
"121","DENV1","m'exico",2016,0,0
"122","DENV1","m'exico",2017,0,0
"123","DENV1","m'exico",2018,0,0
"124","DENV1","m'exico",2019,0,0
"125","DENV1","m'exico",2020,0.00115961092457337,0.191489361702128
"126","DENV1","m'exico",2021,0.000899996538474852,0.266666666666667
"127","DENV1","m'exico",2022,0.00034615251479802,0.0804597701149425
"128","DENV1","m'exico",2023,8.6538128699505e-05,0.0434782608695652
"129","DENV1","mexico",2016,0.00477690470421268,1
"130","DENV1","mexico",2017,0.00645574440098307,1
"131","DENV1","mexico",2018,0.00145384056215168,0.9
"132","DENV1","mexico",2019,0.00051922877219703,0.27027027027027
"133","DENV1","mexico",2020,0,0
"134","DENV1","mexico",2021,0,0
"135","DENV1","mexico",2022,0,0
"136","DENV1","mexico",2023,0,0
"137","DENV1","michoac'an de ocampo",2016,0,0
"138","DENV1","michoac'an de ocampo",2017,0,0
"139","DENV1","michoac'an de ocampo",2018,0,0
"140","DENV1","michoac'an de ocampo",2019,0,0
"141","DENV1","michoac'an de ocampo",2020,0.0126172591643878,0.292682926829268
"142","DENV1","michoac'an de ocampo",2021,0.000501921146457129,0.0851063829787234
"143","DENV1","michoac'an de ocampo",2022,0.000830766035515248,0.0526315789473684
"144","DENV1","michoac'an de ocampo",2023,0.00330575651632109,0.229591836734694
"145","DENV1","michoacan",2016,0.00891342725604902,1
"146","DENV1","michoacan",2017,0.0035307556509398,0.941176470588235
"147","DENV1","michoacan",2018,0.00541728685658901,1
"148","DENV1","michoacan",2019,0.0165980130845651,0.801526717557252
"149","DENV1","michoacan",2020,0,0
"150","DENV1","michoacan",2021,0,0
"151","DENV1","michoacan",2022,0,0
"152","DENV1","michoacan",2023,0,0
"153","DENV1","morelos",2016,0.000259614386098515,0.5
"154","DENV1","morelos",2017,0.000242306760358614,0.246575342465753
"155","DENV1","morelos",2018,6.9230502959604e-05,0.0625
"156","DENV1","morelos",2019,0.000380767766277822,0.123404255319149
"157","DENV1","morelos",2020,0.0034615251479802,0.385826771653543
"158","DENV1","morelos",2021,0.00136730243345218,0.542372881355932
"159","DENV1","morelos",2022,0.000813458409775347,0.336065573770492
"160","DENV1","morelos",2023,0.00228460659766693,0.106995884773663
"161","DENV1","nayarit",2016,0.000155768631659109,1
"162","DENV1","nayarit",2017,0.000103845754439406,1
"163","DENV1","nayarit",2018,0.000848073661255149,0.625
"164","DENV1","nayarit",2019,0.00136730243345218,0.154518950437318
"165","DENV1","nayarit",2020,0.000294229637578317,0.0441988950276243
"166","DENV1","nayarit",2021,5.1922877219703e-05,0.111111111111111
"167","DENV1","nayarit",2022,1.7307625739901e-05,0
"168","DENV1","nayarit",2023,0.000467305894977327,0.230769230769231
"169","DENV1","nuevo le'on",2016,0,0
"170","DENV1","nuevo le'on",2017,0,0
"171","DENV1","nuevo le'on",2018,0,0
"172","DENV1","nuevo le'on",2019,0,0
"173","DENV1","nuevo le'on",2020,0.00145384056215168,0.0173410404624277
"174","DENV1","nuevo le'on",2021,0.000484613520717228,0.333333333333333
"175","DENV1","nuevo le'on",2022,0.000103845754439406,0.0833333333333333
"176","DENV1","nuevo le'on",2023,0.000155768631659109,0.333333333333333
"177","DENV1","nuevo leon",2016,0.000605766900896535,0.5
"178","DENV1","nuevo leon",2017,0.00109038042161376,0.0547945205479452
"179","DENV1","nuevo leon",2018,0.000899996538474852,0.0676056338028169
"180","DENV1","nuevo leon",2019,0.00195576170860881,0.207650273224044
"181","DENV1","nuevo leon",2020,0,0
"182","DENV1","nuevo leon",2021,0,0
"183","DENV1","nuevo leon",2022,0,0
"184","DENV1","nuevo leon",2023,0,0
"185","DENV1","oaxaca",2016,6.9230502959604e-05,0.142857142857143
"186","DENV1","oaxaca",2017,0.000294229637578317,0.535714285714286
"187","DENV1","oaxaca",2018,0.00162691681955069,0.516778523489933
"188","DENV1","oaxaca",2019,0.0111634186022361,0.493482309124767
"189","DENV1","oaxaca",2020,0.000588459275156634,0.2
"190","DENV1","oaxaca",2021,0.000103845754439406,0.0204081632653061
"191","DENV1","oaxaca",2022,8.6538128699505e-05,0.0292207792207792
"192","DENV1","oaxaca",2023,0.00034615251479802,0.0584677419354839
"193","DENV1","puebla",2016,0.00051922877219703,0.571428571428571
"194","DENV1","puebla",2017,0.00377306241129842,0.875
"195","DENV1","puebla",2018,0.00214614559174772,0.833333333333333
"196","DENV1","puebla",2019,0.0113191872338953,0.333333333333333
"197","DENV1","puebla",2020,0.0017826854512098,0.0838709677419355
"198","DENV1","puebla",2021,0.000380767766277822,0.260869565217391
"199","DENV1","puebla",2022,0.0016442244452906,0.75
"200","DENV1","puebla",2023,0.0114057253625948,0.563063063063063
"201","DENV1","quer'etaro",2016,0,0
"202","DENV1","quer'etaro",2017,0,0
"203","DENV1","quer'etaro",2018,0,0
"204","DENV1","quer'etaro",2019,0,0
"205","DENV1","quer'etaro",2020,8.6538128699505e-05,0.666666666666667
"206","DENV1","quer'etaro",2021,0,0
"207","DENV1","quer'etaro",2022,0,0
"208","DENV1","quer'etaro",2023,0.000398075392017723,0.214285714285714
"209","DENV1","queretaro",2016,0,0
"210","DENV1","queretaro",2017,0.000207691508878812,0
"211","DENV1","queretaro",2018,3.4615251479802e-05,3.4615251479802e-05
"212","DENV1","queretaro",2019,0.00034615251479802,0.5
"213","DENV1","queretaro",2020,0,0
"214","DENV1","queretaro",2021,0,0
"215","DENV1","queretaro",2022,0,0
"216","DENV1","queretaro",2023,0,0
"217","DENV1","quintana roo",2016,0.000155768631659109,0.777777777777778
"218","DENV1","quintana roo",2017,6.9230502959604e-05,0.818181818181818
"219","DENV1","quintana roo",2018,0.000536536397936931,0.164383561643836
"220","DENV1","quintana roo",2019,0.00155768631659109,0.0981675392670157
"221","DENV1","quintana roo",2020,0.000138461005919208,0.142857142857143
"222","DENV1","quintana roo",2021,8.6538128699505e-05,8.6538128699505e-05
"223","DENV1","quintana roo",2022,0.00134999480771228,0.213675213675214
"224","DENV1","quintana roo",2023,0.00126345667901277,0.0207253886010363
"225","DENV1","san luis potos'i",2016,0,0
"226","DENV1","san luis potos'i",2017,0,0
"227","DENV1","san luis potos'i",2018,0,0
"228","DENV1","san luis potos'i",2019,0,0
"229","DENV1","san luis potos'i",2020,0.00533074872788951,0.225806451612903
"230","DENV1","san luis potos'i",2021,0.000224999134618713,0
"231","DENV1","san luis potos'i",2022,1.7307625739901e-05,0
"232","DENV1","san luis potos'i",2023,0.000501921146457129,0.0952380952380952
"233","DENV1","san luis potosi",2016,6.9230502959604e-05,6.9230502959604e-05
"234","DENV1","san luis potosi",2017,0.000190383883138911,0.25
"235","DENV1","san luis potosi",2018,0.0086191976184707,0.566037735849057
"236","DENV1","san luis potosi",2019,0.017999930769497,0.808383233532934
"237","DENV1","san luis potosi",2020,0,0
"238","DENV1","san luis potosi",2021,0,0
"239","DENV1","san luis potosi",2022,0,0
"240","DENV1","san luis potosi",2023,0,0
"241","DENV1","sinaloa",2016,0.000224999134618713,1
"242","DENV1","sinaloa",2017,5.1922877219703e-05,0
"243","DENV1","sinaloa",2018,0.000138461005919208,0.666666666666667
"244","DENV1","sinaloa",2019,0.000449998269237426,0.34375
"245","DENV1","sinaloa",2020,0.000571151649416733,0.0802919708029197
"246","DENV1","sinaloa",2021,0.00119422617605317,0.0595238095238095
"247","DENV1","sinaloa",2022,0.000917304164214753,0.0909090909090909
"248","DENV1","sinaloa",2023,0.000986534667174357,0.2
"249","DENV1","sonora",2016,0.000103845754439406,0.666666666666667
"250","DENV1","sonora",2017,0.000259614386098515,0.75
"251","DENV1","sonora",2018,0.000328844889058119,0.666666666666667
"252","DENV1","sonora",2019,0.000761535532555644,0.656716417910448
"253","DENV1","sonora",2020,0,0
"254","DENV1","sonora",2021,0,0
"255","DENV1","sonora",2022,8.6538128699505e-05,0.00227272727272727
"256","DENV1","sonora",2023,3.4615251479802e-05,0.125
"257","DENV1","tabasco",2016,5.1922877219703e-05,0.0714285714285714
"258","DENV1","tabasco",2017,3.4615251479802e-05,0.25
"259","DENV1","tabasco",2018,0.000294229637578317,0.6
"260","DENV1","tabasco",2019,0.00162691681955069,0.215547703180212
"261","DENV1","tabasco",2020,0.000294229637578317,0.14859437751004
"262","DENV1","tabasco",2021,3.4615251479802e-05,0
"263","DENV1","tabasco",2022,0.000121153380179307,0.0350877192982456
"264","DENV1","tabasco",2023,5.1922877219703e-05,0.0192837465564738
"265","DENV1","tamaulipas",2016,0.000190383883138911,0
"266","DENV1","tamaulipas",2017,0.00103845754439406,0.363636363636364
"267","DENV1","tamaulipas",2018,0.000380767766277822,0.333333333333333
"268","DENV1","tamaulipas",2019,0.000536536397936931,0.15625
"269","DENV1","tamaulipas",2020,0.00069230502959604,0.102040816326531
"270","DENV1","tamaulipas",2021,1.7307625739901e-05,0.75
"271","DENV1","tamaulipas",2022,8.6538128699505e-05,0.5
"272","DENV1","tamaulipas",2023,0.000415383017757624,0.44
"273","DENV1","tlaxcala",2016,1.7307625739901e-05,1
"274","DENV1","tlaxcala",2017,1.7307625739901e-05,1.7307625739901e-05
"275","DENV1","tlaxcala",2018,0,0
"276","DENV1","tlaxcala",2019,0.000138461005919208,0.875
"277","DENV1","tlaxcala",2020,0,0
"278","DENV1","tlaxcala",2021,0,0
"279","DENV1","tlaxcala",2022,0,0
"280","DENV1","tlaxcala",2023,1.7307625739901e-05,0
"281","DENV1","veracruz",2016,0.000224999134618713,0.181818181818182
"282","DENV1","veracruz",2017,0.00185191595416941,0.775
"283","DENV1","veracruz",2018,0.00964034753712486,0.648809523809524
"284","DENV1","veracruz",2019,0.0314133407179203,0.573951434878587
"285","DENV1","veracruz",2020,0.00136730243345218,0.164634146341463
"286","DENV1","veracruz",2021,0.000363460140537921,0.136094674556213
"287","DENV1","veracruz",2022,0.000882688912734951,0.151515151515152
"288","DENV1","veracruz",2023,0.00100384229291426,0.0312278211497516
"289","DENV1","yucat'an",2016,0,0
"290","DENV1","yucat'an",2017,0,0
"291","DENV1","yucat'an",2018,0,0
"292","DENV1","yucat'an",2019,0,0
"293","DENV1","yucat'an",2020,0.000242306760358614,0.596491228070175
"294","DENV1","yucat'an",2021,0,0
"295","DENV1","yucat'an",2022,0.00195576170860881,0.351351351351351
"296","DENV1","yucat'an",2023,0.00183460832842951,0.0251694094869313
"297","DENV1","yucatan",2016,3.4615251479802e-05,0.75
"298","DENV1","yucatan",2017,6.9230502959604e-05,0.888888888888889
"299","DENV1","yucatan",2018,0.000103845754439406,0.428571428571429
"300","DENV1","yucatan",2019,0.00131537955623248,0.415789473684211
"301","DENV1","yucatan",2020,0,0
"302","DENV1","yucatan",2021,0,0
"303","DENV1","yucatan",2022,0,0
"304","DENV1","yucatan",2023,0,0
"305","DENV1","zacatecas",2016,3.4615251479802e-05,1
"306","DENV1","zacatecas",2017,1.7307625739901e-05,1.7307625739901e-05
"307","DENV1","zacatecas",2018,5.1922877219703e-05,0
"308","DENV1","zacatecas",2019,6.9230502959604e-05,0.375
"309","DENV1","zacatecas",2020,0,0
"310","DENV1","zacatecas",2021,1.7307625739901e-05,1.7307625739901e-05
"311","DENV1","zacatecas",2022,0,0
"312","DENV1","zacatecas",2023,1.7307625739901e-05,0
"313","DENV2","aguascalientes",2016,0,0
"314","DENV2","aguascalientes",2017,1.7307625739901e-05,1.7307625739901e-05
"315","DENV2","aguascalientes",2018,0,0
"316","DENV2","aguascalientes",2019,0.000138461005919208,0.6
"317","DENV2","aguascalientes",2020,1.7307625739901e-05,1
"318","DENV2","aguascalientes",2021,0,0
"319","DENV2","aguascalientes",2022,0,0
"320","DENV2","aguascalientes",2023,0.000328844889058119,0.0263157894736842
"321","DENV2","baja california",2016,0,0
"322","DENV2","baja california",2017,0,0
"323","DENV2","baja california",2018,0,0
"324","DENV2","baja california",2019,0.000242306760358614,0.5
"325","DENV2","baja california",2020,6.9230502959604e-05,6.9230502959604e-05
"326","DENV2","baja california",2021,0,1
"327","DENV2","baja california",2022,0.00103845754439406,1
"328","DENV2","baja california",2023,1.7307625739901e-05,0.333333333333333
"329","DENV2","baja california sur",2016,1.7307625739901e-05,1.7307625739901e-05
"330","DENV2","baja california sur",2017,0,0
"331","DENV2","baja california sur",2018,0.00183460832842951,1
"332","DENV2","baja california sur",2019,0.000311537263318218,0.714285714285714
"333","DENV2","baja california sur",2020,0.000155768631659109,0.5
"334","DENV2","baja california sur",2021,3.4615251479802e-05,0.5
"335","DENV2","baja california sur",2022,0.000138461005919208,0.185185185185185
"336","DENV2","baja california sur",2023,0.000138461005919208,0.0753424657534247
"337","DENV2","campeche",2016,1.7307625739901e-05,0.6
"338","DENV2","campeche",2017,0,0
"339","DENV2","campeche",2018,0,0.5
"340","DENV2","campeche",2019,0.000224999134618713,0.712121212121212
"341","DENV2","campeche",2020,6.9230502959604e-05,0.857142857142857
"342","DENV2","campeche",2021,8.6538128699505e-05,1
"343","DENV2","campeche",2022,3.4615251479802e-05,0.533333333333333
"344","DENV2","campeche",2023,3.4615251479802e-05,0.0107142857142857
"345","DENV2","chiapas",2016,0.000155768631659109,0.8
"346","DENV2","chiapas",2017,0.00148845581363149,0.905228758169935
"347","DENV2","chiapas",2018,0.00216345321748763,0.970167064439141
"348","DENV2","chiapas",2019,0.00122884142753297,0.854166666666667
"349","DENV2","chiapas",2020,0.000138461005919208,0.805970149253731
"350","DENV2","chiapas",2021,1.7307625739901e-05,0.0317460317460317
"351","DENV2","chiapas",2022,1.7307625739901e-05,0.03125
"352","DENV2","chiapas",2023,6.9230502959604e-05,0.0334728033472803
"353","DENV2","chihuahua",2016,0,0
"354","DENV2","chihuahua",2017,0,0
"355","DENV2","chihuahua",2018,0,0
"356","DENV2","chihuahua",2019,6.9230502959604e-05,0.166666666666667
"357","DENV2","chihuahua",2020,1.7307625739901e-05,1.7307625739901e-05
"358","DENV2","chihuahua",2021,0,0
"359","DENV2","chihuahua",2022,0.00100384229291426,1
"360","DENV2","chihuahua",2023,1.7307625739901e-05,0
"361","DENV2","ciudad de m'exico",2016,0,0
"362","DENV2","ciudad de m'exico",2017,0,0
"363","DENV2","ciudad de m'exico",2018,0,0
"364","DENV2","ciudad de m'exico",2019,0,0
"365","DENV2","ciudad de m'exico",2020,8.6538128699505e-05,1
"366","DENV2","ciudad de m'exico",2021,6.9230502959604e-05,0.666666666666667
"367","DENV2","ciudad de m'exico",2022,5.1922877219703e-05,0.666666666666667
"368","DENV2","ciudad de m'exico",2023,0.000242306760358614,0.25
"369","DENV2","coahuila",2016,0,0
"370","DENV2","coahuila",2017,0.00017307625739901,0.241379310344828
"371","DENV2","coahuila",2018,1.7307625739901e-05,0.4
"372","DENV2","coahuila",2019,0.000605766900896535,0.392857142857143
"373","DENV2","coahuila",2020,0.00295960400152307,0.981481481481482
"374","DENV2","coahuila",2021,0.00109038042161376,0.142857142857143
"375","DENV2","coahuila",2022,0.00124614905327287,0.796610169491525
"376","DENV2","coahuila",2023,6.9230502959604e-05,0.115384615384615
"377","DENV2","colima",2016,0,0
"378","DENV2","colima",2017,0,1
"379","DENV2","colima",2018,0.000121153380179307,0.733333333333333
"380","DENV2","colima",2019,0.000224999134618713,0.542168674698795
"381","DENV2","colima",2020,0.000796150784035446,0.94949494949495
"382","DENV2","colima",2021,0.000848073661255149,0.911764705882353
"383","DENV2","colima",2022,0.000830766035515248,0.977011494252874
"384","DENV2","colima",2023,0.000674997403856139,0.466165413533835
"385","DENV2","distrito federal",2016,0,0
"386","DENV2","distrito federal",2017,1.7307625739901e-05,0
"387","DENV2","distrito federal",2018,1.7307625739901e-05,0.5
"388","DENV2","distrito federal",2019,0.000276922011838416,0.8
"389","DENV2","distrito federal",2020,0,0
"390","DENV2","distrito federal",2021,0,0
"391","DENV2","distrito federal",2022,0,0
"392","DENV2","distrito federal",2023,0,0
"393","DENV2","durango",2016,0,0
"394","DENV2","durango",2017,0,0.0666666666666667
"395","DENV2","durango",2018,8.6538128699505e-05,1
"396","DENV2","durango",2019,0,0
"397","DENV2","durango",2020,0.00195576170860881,1
"398","DENV2","durango",2021,0,0
"399","DENV2","durango",2022,0,0
"400","DENV2","durango",2023,0,0
"401","DENV2","guanajuato",2016,0,0
"402","DENV2","guanajuato",2017,1.7307625739901e-05,0
"403","DENV2","guanajuato",2018,0,0.25
"404","DENV2","guanajuato",2019,0.00174807019973,0.608695652173913
"405","DENV2","guanajuato",2020,0.000882688912734951,0.142857142857143
"406","DENV2","guanajuato",2021,3.4615251479802e-05,3.4615251479802e-05
"407","DENV2","guanajuato",2022,0,0
"408","DENV2","guanajuato",2023,0.000813458409775347,0.0305343511450382
"409","DENV2","guerrero",2016,1.7307625739901e-05,0.072
"410","DENV2","guerrero",2017,0,0
"411","DENV2","guerrero",2018,0.000103845754439406,0.411764705882353
"412","DENV2","guerrero",2019,0.00275191249264426,0.763358778625954
"413","DENV2","guerrero",2020,0.00244037522932604,0.91705069124424
"414","DENV2","guerrero",2021,0.000605766900896535,0.725
"415","DENV2","guerrero",2022,0.000951919415694555,0.372413793103448
"416","DENV2","guerrero",2023,0.00154037869085119,0.276524644945698
"417","DENV2","hidalgo",2016,0,0
"418","DENV2","hidalgo",2017,6.9230502959604e-05,0.125
"419","DENV2","hidalgo",2018,0.00017307625739901,1
"420","DENV2","hidalgo",2019,0.00107307279587386,0.826086956521739
"421","DENV2","hidalgo",2020,8.6538128699505e-05,0.75
"422","DENV2","hidalgo",2021,6.9230502959604e-05,1
"423","DENV2","hidalgo",2022,1.7307625739901e-05,1.7307625739901e-05
"424","DENV2","hidalgo",2023,0.000432690643497525,0.230769230769231
"425","DENV2","jalisco",2016,5.1922877219703e-05,0
"426","DENV2","jalisco",2017,5.1922877219703e-05,0.142857142857143
"427","DENV2","jalisco",2018,0.00893073488178892,0.454128440366972
"428","DENV2","jalisco",2019,0.0785766208591505,0.845479452054794
"429","DENV2","jalisco",2020,0.0252691335802555,0.959876543209877
"430","DENV2","jalisco",2021,0.000778843158295545,0.9375
"431","DENV2","jalisco",2022,0.000449998269237426,0.923076923076923
"432","DENV2","jalisco",2023,0.00162691681955069,0.306122448979592
"433","DENV2","m'exico",2016,0,0
"434","DENV2","m'exico",2017,0,0
"435","DENV2","m'exico",2018,0,0
"436","DENV2","m'exico",2019,0,0
"437","DENV2","m'exico",2020,0.00224999134618713,0.808510638297872
"438","DENV2","m'exico",2021,0.00148845581363149,0.7
"439","DENV2","m'exico",2022,0.0158537851777493,0.913793103448276
"440","DENV2","m'exico",2023,0.000121153380179307,0.130434782608696
"441","DENV2","mexico",2016,0.000398075392017723,0
"442","DENV2","mexico",2017,0,0
"443","DENV2","mexico",2018,5.1922877219703e-05,0.1
"444","DENV2","mexico",2019,0.000951919415694555,0.702702702702703
"445","DENV2","mexico",2020,0,0
"446","DENV2","mexico",2021,0,0
"447","DENV2","mexico",2022,0,0
"448","DENV2","mexico",2023,0,0
"449","DENV2","michoac'an de ocampo",2016,0,0
"450","DENV2","michoac'an de ocampo",2017,0,0
"451","DENV2","michoac'an de ocampo",2018,0,0
"452","DENV2","michoac'an de ocampo",2019,0,0
"453","DENV2","michoac'an de ocampo",2020,0.0244902904219599,0.707317073170732
"454","DENV2","michoac'an de ocampo",2021,0.00212883796600782,0.914893617021277
"455","DENV2","michoac'an de ocampo",2022,0.00102114991865416,0.947368421052632
"456","DENV2","michoac'an de ocampo",2023,0.0069403579217003,0.51530612244898
"457","DENV2","michoacan",2016,0,0
"458","DENV2","michoacan",2017,0.00017307625739901,0.0588235294117647
"459","DENV2","michoacan",2018,3.4615251479802e-05,0
"460","DENV2","michoacan",2019,0.00190383883138911,0.198473282442748
"461","DENV2","michoacan",2020,0,0
"462","DENV2","michoacan",2021,0,0
"463","DENV2","michoacan",2022,0,0
"464","DENV2","michoacan",2023,0,0
"465","DENV2","morelos",2016,3.4615251479802e-05,0.166666666666667
"466","DENV2","morelos",2017,0.000121153380179307,0.589041095890411
"467","DENV2","morelos",2018,0.000207691508878812,0.9375
"468","DENV2","morelos",2019,0.00145384056215168,0.876595744680851
"469","DENV2","morelos",2020,0.00226729897192703,0.614173228346457
"470","DENV2","morelos",2021,0.000657689778116238,0.457627118644068
"471","DENV2","morelos",2022,0.000588459275156634,0.663934426229508
"472","DENV2","morelos",2023,0.00162691681955069,0.199588477366255
"473","DENV2","nayarit",2016,0,0
"474","DENV2","nayarit",2017,0,0
"475","DENV2","nayarit",2018,0.000380767766277822,0.375
"476","DENV2","nayarit",2019,0.0034788327737201,0.845481049562682
"477","DENV2","nayarit",2020,0.00302883450448268,0.955801104972376
"478","DENV2","nayarit",2021,0.000311537263318218,0.888888888888889
"479","DENV2","nayarit",2022,1.7307625739901e-05,1
"480","DENV2","nayarit",2023,0.000242306760358614,0.384615384615385
"481","DENV2","nuevo le'on",2016,0,0
"482","DENV2","nuevo le'on",2017,0,0
"483","DENV2","nuevo le'on",2018,0,0
"484","DENV2","nuevo le'on",2019,0,0
"485","DENV2","nuevo le'on",2020,0.0206653051334418,0.971098265895954
"486","DENV2","nuevo le'on",2021,0.000363460140537921,0.666666666666667
"487","DENV2","nuevo le'on",2022,3.4615251479802e-05,0
"488","DENV2","nuevo le'on",2023,0.000242306760358614,0
"489","DENV2","nuevo leon",2016,0.000121153380179307,0.166666666666667
"490","DENV2","nuevo leon",2017,0.012928796427706,0.931506849315068
"491","DENV2","nuevo leon",2018,0.0129980269306657,0.929577464788732
"492","DENV2","nuevo leon",2019,0.00565959361694763,0.792349726775956
"493","DENV2","nuevo leon",2020,0,0
"494","DENV2","nuevo leon",2021,0,0
"495","DENV2","nuevo leon",2022,0,0
"496","DENV2","nuevo leon",2023,0,0
"497","DENV2","oaxaca",2016,0,0.214285714285714
"498","DENV2","oaxaca",2017,0.000294229637578317,0.428571428571429
"499","DENV2","oaxaca",2018,0.000796150784035446,0.483221476510067
"500","DENV2","oaxaca",2019,0.00387690816573782,0.500931098696462
"501","DENV2","oaxaca",2020,0.00112499567309356,0.78
"502","DENV2","oaxaca",2021,0.00193845408286891,0.952380952380952
"503","DENV2","oaxaca",2022,0.00195576170860881,0.951298701298701
"504","DENV2","oaxaca",2023,0.00649035965246287,0.69758064516129
"505","DENV2","puebla",2016,3.4615251479802e-05,0.285714285714286
"506","DENV2","puebla",2017,6.9230502959604e-05,0.0416666666666667
"507","DENV2","puebla",2018,3.4615251479802e-05,0.166666666666667
"508","DENV2","puebla",2019,0.00905188826196822,0.664399092970522
"509","DENV2","puebla",2020,0.0110768804735366,0.903225806451613
"510","DENV2","puebla",2021,0.00121153380179307,0.739130434782609
"511","DENV2","puebla",2022,0.00034615251479802,0.222222222222222
"512","DENV2","puebla",2023,0.00434421406071515,0.286036036036036
"513","DENV2","quer'etaro",2016,0,0
"514","DENV2","quer'etaro",2017,0,0
"515","DENV2","quer'etaro",2018,0,0
"516","DENV2","quer'etaro",2019,0,0
"517","DENV2","quer'etaro",2020,5.1922877219703e-05,0.333333333333333
"518","DENV2","quer'etaro",2021,0,0
"519","DENV2","quer'etaro",2022,0,0
"520","DENV2","quer'etaro",2023,6.9230502959604e-05,0.357142857142857
"521","DENV2","queretaro",2016,0,0
"522","DENV2","queretaro",2017,0.000553844023676832,1
"523","DENV2","queretaro",2018,3.4615251479802e-05,3.4615251479802e-05
"524","DENV2","queretaro",2019,0.000121153380179307,0.5
"525","DENV2","queretaro",2020,0,0
"526","DENV2","queretaro",2021,0,0
"527","DENV2","queretaro",2022,0,0
"528","DENV2","queretaro",2023,0,0
"529","DENV2","quintana roo",2016,1.7307625739901e-05,0.222222222222222
"530","DENV2","quintana roo",2017,1.7307625739901e-05,0.181818181818182
"531","DENV2","quintana roo",2018,0.0016442244452906,0.808219178082192
"532","DENV2","quintana roo",2019,0.00650766727820278,0.897905759162304
"533","DENV2","quintana roo",2020,0.000605766900896535,0.857142857142857
"534","DENV2","quintana roo",2021,0,0
"535","DENV2","quintana roo",2022,0.000155768631659109,0.0427350427350427
"536","DENV2","quintana roo",2023,0.000242306760358614,0.0038860103626943
"537","DENV2","san luis potos'i",2016,0,0
"538","DENV2","san luis potos'i",2017,0,0
"539","DENV2","san luis potos'i",2018,0,0
"540","DENV2","san luis potos'i",2019,0,0
"541","DENV2","san luis potos'i",2020,0.00981342379452387,0.774193548387097
"542","DENV2","san luis potos'i",2021,6.9230502959604e-05,1
"543","DENV2","san luis potos'i",2022,0,0
"544","DENV2","san luis potos'i",2023,0.000813458409775347,0.571428571428571
"545","DENV2","san luis potosi",2016,0,0
"546","DENV2","san luis potosi",2017,0.000276922011838416,0.75
"547","DENV2","san luis potosi",2018,0.00186922357990931,0.433962264150943
"548","DENV2","san luis potosi",2019,0.00380767766277822,0.191616766467066
"549","DENV2","san luis potosi",2020,0,0
"550","DENV2","san luis potosi",2021,0,0
"551","DENV2","san luis potosi",2022,0,0
"552","DENV2","san luis potosi",2023,0,0
"553","DENV2","sinaloa",2016,0,0
"554","DENV2","sinaloa",2017,0,1
"555","DENV2","sinaloa",2018,6.9230502959604e-05,0.333333333333333
"556","DENV2","sinaloa",2019,0.000363460140537921,0.625
"557","DENV2","sinaloa",2020,0.00202499221156842,0.91970802919708
"558","DENV2","sinaloa",2021,0.00936342552528644,0.912698412698413
"559","DENV2","sinaloa",2022,0.00154037869085119,0.909090909090909
"560","DENV2","sinaloa",2023,6.9230502959604e-05,0.2
"561","DENV2","sonora",2016,0,0.333333333333333
"562","DENV2","sonora",2017,3.4615251479802e-05,0.25
"563","DENV2","sonora",2018,6.9230502959604e-05,0.333333333333333
"564","DENV2","sonora",2019,0.000380767766277822,0.343283582089552
"565","DENV2","sonora",2020,1.7307625739901e-05,1
"566","DENV2","sonora",2021,0.000224999134618713,1
"567","DENV2","sonora",2022,0.00427498355775555,0.993181818181818
"568","DENV2","sonora",2023,8.6538128699505e-05,0.625
"569","DENV2","tabasco",2016,0.000190383883138911,0.892857142857143
"570","DENV2","tabasco",2017,3.4615251479802e-05,0.75
"571","DENV2","tabasco",2018,3.4615251479802e-05,0.4
"572","DENV2","tabasco",2019,0.00192114645712901,0.77208480565371
"573","DENV2","tabasco",2020,0.00154037869085119,0.819277108433735
"574","DENV2","tabasco",2021,0.000242306760358614,0.333333333333333
"575","DENV2","tabasco",2022,0.000432690643497525,0.0701754385964912
"576","DENV2","tabasco",2023,0.000276922011838416,0.0826446280991736
"577","DENV2","tamaulipas",2016,1.7307625739901e-05,0.5
"578","DENV2","tamaulipas",2017,0.000796150784035446,0.5
"579","DENV2","tamaulipas",2018,0.00143653293641178,0.541666666666667
"580","DENV2","tamaulipas",2019,0.00114230329883347,0.8203125
"581","DENV2","tamaulipas",2020,0.0068365121672609,0.850340136054422
"582","DENV2","tamaulipas",2021,1.7307625739901e-05,0.25
"583","DENV2","tamaulipas",2022,0,0.166666666666667
"584","DENV2","tamaulipas",2023,3.4615251479802e-05,0.16
"585","DENV2","tlaxcala",2016,0,0
"586","DENV2","tlaxcala",2017,0,0
"587","DENV2","tlaxcala",2018,0,0
"588","DENV2","tlaxcala",2019,6.9230502959604e-05,0.125
"589","DENV2","tlaxcala",2020,1.7307625739901e-05,1.7307625739901e-05
"590","DENV2","tlaxcala",2021,1.7307625739901e-05,1.7307625739901e-05
"591","DENV2","tlaxcala",2022,0,0
"592","DENV2","tlaxcala",2023,1.7307625739901e-05,0
"593","DENV2","veracruz",2016,8.6538128699505e-05,0.363636363636364
"594","DENV2","veracruz",2017,0.000294229637578317,0.1625
"595","DENV2","veracruz",2018,0.00154037869085119,0.31547619047619
"596","DENV2","veracruz",2019,0.00569420886842743,0.384105960264901
"597","DENV2","veracruz",2020,0.00223268372044723,0.804878048780488
"598","DENV2","veracruz",2021,0.00363460140537921,0.85207100591716
"599","DENV2","veracruz",2022,0.00313268025892208,0.619528619528619
"600","DENV2","veracruz",2023,0.0147287895046558,0.634492547906316
"601","DENV2","yucat'an",2016,0,0
"602","DENV2","yucat'an",2017,0,0
"603","DENV2","yucat'an",2018,0,0
"604","DENV2","yucat'an",2019,0,0
"605","DENV2","yucat'an",2020,0.00017307625739901,0.385964912280702
"606","DENV2","yucat'an",2021,0,0
"607","DENV2","yucat'an",2022,0.000121153380179307,0.027027027027027
"608","DENV2","yucat'an",2023,0.000155768631659109,0.00629235237173282
"609","DENV2","yucatan",2016,0,0
"610","DENV2","yucatan",2017,5.1922877219703e-05,0.111111111111111
"611","DENV2","yucatan",2018,8.6538128699505e-05,0.571428571428571
"612","DENV2","yucatan",2019,0.00122884142753297,0.578947368421053
"613","DENV2","yucatan",2020,0,0
"614","DENV2","yucatan",2021,0,0
"615","DENV2","yucatan",2022,0,0
"616","DENV2","yucatan",2023,0,0
"617","DENV2","zacatecas",2016,0,0
"618","DENV2","zacatecas",2017,0,0
"619","DENV2","zacatecas",2018,0,1
"620","DENV2","zacatecas",2019,0.000242306760358614,0.625
"621","DENV2","zacatecas",2020,0,0
"622","DENV2","zacatecas",2021,0,0
"623","DENV2","zacatecas",2022,0,0
"624","DENV2","zacatecas",2023,0,1
"625","DENV3","aguascalientes",2016,0,0
"626","DENV3","aguascalientes",2017,0,0
"627","DENV3","aguascalientes",2018,0,0
"628","DENV3","aguascalientes",2019,0,0
"629","DENV3","aguascalientes",2020,0,0
"630","DENV3","aguascalientes",2021,0,0
"631","DENV3","aguascalientes",2022,0,0
"632","DENV3","aguascalientes",2023,0.000605766900896535,0.131578947368421
"633","DENV3","baja california",2016,0,0
"634","DENV3","baja california",2017,0,0
"635","DENV3","baja california",2018,0,0
"636","DENV3","baja california",2019,0,0
"637","DENV3","baja california",2020,0,0
"638","DENV3","baja california",2021,0,0
"639","DENV3","baja california",2022,0,0
"640","DENV3","baja california",2023,3.4615251479802e-05,0.333333333333333
"641","DENV3","baja california sur",2016,0,0
"642","DENV3","baja california sur",2017,0,0
"643","DENV3","baja california sur",2018,0,0
"644","DENV3","baja california sur",2019,0,0
"645","DENV3","baja california sur",2020,0,0
"646","DENV3","baja california sur",2021,5.1922877219703e-05,0
"647","DENV3","baja california sur",2022,0.000467305894977327,0.259259259259259
"648","DENV3","baja california sur",2023,0.00186922357990931,0.36986301369863
"649","DENV3","campeche",2016,0,0
"650","DENV3","campeche",2017,0,0
"651","DENV3","campeche",2018,0,0
"652","DENV3","campeche",2019,0,0.0151515151515152
"653","DENV3","campeche",2020,0,0
"654","DENV3","campeche",2021,0,0
"655","DENV3","campeche",2022,0.000155768631659109,0.433333333333333
"656","DENV3","campeche",2023,0.00567690124268753,0.982142857142857
"657","DENV3","chiapas",2016,8.6538128699505e-05,0.15
"658","DENV3","chiapas",2017,1.7307625739901e-05,0.00980392156862745
"659","DENV3","chiapas",2018,0.000242306760358614,0.0190930787589499
"660","DENV3","chiapas",2019,0.000467305894977327,0.0738636363636364
"661","DENV3","chiapas",2020,5.1922877219703e-05,0.0597014925373134
"662","DENV3","chiapas",2021,0.000398075392017723,0.285714285714286
"663","DENV3","chiapas",2022,0.000588459275156634,0.3203125
"664","DENV3","chiapas",2023,0.00105576517013396,0.573221757322176
"665","DENV3","chihuahua",2016,0,0
"666","DENV3","chihuahua",2017,0,0
"667","DENV3","chihuahua",2018,0,0
"668","DENV3","chihuahua",2019,0,0
"669","DENV3","chihuahua",2020,0,0
"670","DENV3","chihuahua",2021,0,0
"671","DENV3","chihuahua",2022,0,0
"672","DENV3","chihuahua",2023,0,1
"673","DENV3","ciudad de m'exico",2016,0,0
"674","DENV3","ciudad de m'exico",2017,0,0
"675","DENV3","ciudad de m'exico",2018,0,0
"676","DENV3","ciudad de m'exico",2019,0,0
"677","DENV3","ciudad de m'exico",2020,3.4615251479802e-05,0
"678","DENV3","ciudad de m'exico",2021,0,0.333333333333333
"679","DENV3","ciudad de m'exico",2022,0,0
"680","DENV3","ciudad de m'exico",2023,0.000415383017757624,0.5
"681","DENV3","coahuila",2016,1.7307625739901e-05,0
"682","DENV3","coahuila",2017,0,0
"683","DENV3","coahuila",2018,0,0
"684","DENV3","coahuila",2019,0,0
"685","DENV3","coahuila",2020,0,0
"686","DENV3","coahuila",2021,0.000224999134618713,0.0204081632653061
"687","DENV3","coahuila",2022,0.00162691681955069,0.186440677966102
"688","DENV3","coahuila",2023,0.000467305894977327,0.807692307692308
"689","DENV3","colima",2016,0,0
"690","DENV3","colima",2017,0,0
"691","DENV3","colima",2018,0,0
"692","DENV3","colima",2019,0,0
"693","DENV3","colima",2020,0,0
"694","DENV3","colima",2021,0,0
"695","DENV3","colima",2022,0,0.0114942528735632
"696","DENV3","colima",2023,0.000588459275156634,0.270676691729323
"697","DENV3","distrito federal",2016,1.7307625739901e-05,0
"698","DENV3","distrito federal",2017,3.4615251479802e-05,1
"699","DENV3","distrito federal",2018,1.7307625739901e-05,0
"700","DENV3","distrito federal",2019,0,0
"701","DENV3","distrito federal",2020,0,0
"702","DENV3","distrito federal",2021,0,0
"703","DENV3","distrito federal",2022,0,0
"704","DENV3","distrito federal",2023,0,0
"705","DENV3","durango",2016,0,0
"706","DENV3","durango",2017,0,0
"707","DENV3","durango",2018,0,0
"708","DENV3","durango",2019,0,0
"709","DENV3","durango",2020,0,0
"710","DENV3","durango",2021,0,0
"711","DENV3","durango",2022,1.7307625739901e-05,1.7307625739901e-05
"712","DENV3","durango",2023,8.6538128699505e-05,0.75
"713","DENV3","guanajuato",2016,0,0
"714","DENV3","guanajuato",2017,0,0
"715","DENV3","guanajuato",2018,0,0
"716","DENV3","guanajuato",2019,0,0
"717","DENV3","guanajuato",2020,5.1922877219703e-05,0
"718","DENV3","guanajuato",2021,0,0
"719","DENV3","guanajuato",2022,3.4615251479802e-05,3.4615251479802e-05
"720","DENV3","guanajuato",2023,0.00444805981515456,0.809160305343511
"721","DENV3","guerrero",2016,1.7307625739901e-05,0.016
"722","DENV3","guerrero",2017,0,0.0476190476190476
"723","DENV3","guerrero",2018,0,0
"724","DENV3","guerrero",2019,1.7307625739901e-05,0
"725","DENV3","guerrero",2020,0,0
"726","DENV3","guerrero",2021,0,0
"727","DENV3","guerrero",2022,0.000242306760358614,0.00689655172413793
"728","DENV3","guerrero",2023,0.00181730070268961,0.477861319966583
"729","DENV3","hidalgo",2016,0,0
"730","DENV3","hidalgo",2017,0,0
"731","DENV3","hidalgo",2018,0,0
"732","DENV3","hidalgo",2019,0,0
"733","DENV3","hidalgo",2020,0,0
"734","DENV3","hidalgo",2021,0,0
"735","DENV3","hidalgo",2022,0,0
"736","DENV3","hidalgo",2023,0.00069230502959604,0.461538461538462
"737","DENV3","jalisco",2016,0,0
"738","DENV3","jalisco",2017,0,0
"739","DENV3","jalisco",2018,0,0
"740","DENV3","jalisco",2019,1.7307625739901e-05,0
"741","DENV3","jalisco",2020,0,0
"742","DENV3","jalisco",2021,0,0
"743","DENV3","jalisco",2022,0,0
"744","DENV3","jalisco",2023,0.00250960573228565,0.387755102040816
"745","DENV3","m'exico",2016,0,0
"746","DENV3","m'exico",2017,0,0
"747","DENV3","m'exico",2018,0,0
"748","DENV3","m'exico",2019,0,0
"749","DENV3","m'exico",2020,5.1922877219703e-05,0
"750","DENV3","m'exico",2021,0,0.0333333333333333
"751","DENV3","m'exico",2022,5.1922877219703e-05,0.00574712643678161
"752","DENV3","m'exico",2023,0.000121153380179307,0.826086956521739
"753","DENV3","mexico",2016,0,0
"754","DENV3","mexico",2017,0,0
"755","DENV3","mexico",2018,0,0
"756","DENV3","mexico",2019,1.7307625739901e-05,0.027027027027027
"757","DENV3","mexico",2020,0,0
"758","DENV3","mexico",2021,0,0
"759","DENV3","mexico",2022,0,0
"760","DENV3","mexico",2023,0,0
"761","DENV3","michoac'an de ocampo",2016,0,0
"762","DENV3","michoac'an de ocampo",2017,0,0
"763","DENV3","michoac'an de ocampo",2018,0,0
"764","DENV3","michoac'an de ocampo",2019,0,0
"765","DENV3","michoac'an de ocampo",2020,1.7307625739901e-05,0
"766","DENV3","michoac'an de ocampo",2021,1.7307625739901e-05,0
"767","DENV3","michoac'an de ocampo",2022,0.000121153380179307,0
"768","DENV3","michoac'an de ocampo",2023,0.00223268372044723,0.255102040816327
"769","DENV3","michoacan",2016,0,0
"770","DENV3","michoacan",2017,1.7307625739901e-05,0
"771","DENV3","michoacan",2018,5.1922877219703e-05,0
"772","DENV3","michoacan",2019,1.7307625739901e-05,0
"773","DENV3","michoacan",2020,0,0
"774","DENV3","michoacan",2021,0,0
"775","DENV3","michoacan",2022,0,0
"776","DENV3","michoacan",2023,0,0
"777","DENV3","morelos",2016,6.9230502959604e-05,0.333333333333333
"778","DENV3","morelos",2017,0.000242306760358614,0.164383561643836
"779","DENV3","morelos",2018,0,0
"780","DENV3","morelos",2019,0,0
"781","DENV3","morelos",2020,0,0
"782","DENV3","morelos",2021,0,0
"783","DENV3","morelos",2022,0,0
"784","DENV3","morelos",2023,0.00550382498528852,0.6920438957476
"785","DENV3","nayarit",2016,0,0
"786","DENV3","nayarit",2017,0,0
"787","DENV3","nayarit",2018,0,0
"788","DENV3","nayarit",2019,0,0
"789","DENV3","nayarit",2020,0,0
"790","DENV3","nayarit",2021,0,0
"791","DENV3","nayarit",2022,0,0
"792","DENV3","nayarit",2023,0.000363460140537921,0.307692307692308
"793","DENV3","nuevo le'on",2016,0,0
"794","DENV3","nuevo le'on",2017,0,0
"795","DENV3","nuevo le'on",2018,0,0
"796","DENV3","nuevo le'on",2019,0,0
"797","DENV3","nuevo le'on",2020,0.000224999134618713,0.0115606936416185
"798","DENV3","nuevo le'on",2021,0.000190383883138911,0
"799","DENV3","nuevo le'on",2022,0.000501921146457129,0.833333333333333
"800","DENV3","nuevo le'on",2023,0.000432690643497525,0.6
"801","DENV3","nuevo leon",2016,0.00136730243345218,0.333333333333333
"802","DENV3","nuevo leon",2017,0.000242306760358614,0.0136986301369863
"803","DENV3","nuevo leon",2018,0,0.0028169014084507
"804","DENV3","nuevo leon",2019,3.4615251479802e-05,0
"805","DENV3","nuevo leon",2020,0,0
"806","DENV3","nuevo leon",2021,0,0
"807","DENV3","nuevo leon",2022,0,0
"808","DENV3","nuevo leon",2023,0,0
"809","DENV3","oaxaca",2016,1.7307625739901e-05,0.5
"810","DENV3","oaxaca",2017,0,0.0357142857142857
"811","DENV3","oaxaca",2018,3.4615251479802e-05,0
"812","DENV3","oaxaca",2019,3.4615251479802e-05,0.00558659217877095
"813","DENV3","oaxaca",2020,1.7307625739901e-05,0.02
"814","DENV3","oaxaca",2021,6.9230502959604e-05,0.0272108843537415
"815","DENV3","oaxaca",2022,0.000138461005919208,0.0194805194805195
"816","DENV3","oaxaca",2023,0.000813458409775347,0.231854838709677
"817","DENV3","puebla",2016,6.9230502959604e-05,0.142857142857143
"818","DENV3","puebla",2017,0.00017307625739901,0.0833333333333333
"819","DENV3","puebla",2018,0,0
"820","DENV3","puebla",2019,0.000259614386098515,0.00226757369614512
"821","DENV3","puebla",2020,1.7307625739901e-05,0.0129032258064516
"822","DENV3","puebla",2021,0,0
"823","DENV3","puebla",2022,5.1922877219703e-05,0.0277777777777778
"824","DENV3","puebla",2023,0.00384229291425802,0.123873873873874
"825","DENV3","quer'etaro",2016,0,0
"826","DENV3","quer'etaro",2017,0,0
"827","DENV3","quer'etaro",2018,0,0
"828","DENV3","quer'etaro",2019,0,0
"829","DENV3","quer'etaro",2020,3.4615251479802e-05,0
"830","DENV3","quer'etaro",2021,1.7307625739901e-05,1.7307625739901e-05
"831","DENV3","quer'etaro",2022,1.7307625739901e-05,1
"832","DENV3","quer'etaro",2023,0.000380767766277822,0.428571428571429
"833","DENV3","queretaro",2016,0,0
"834","DENV3","queretaro",2017,0,0
"835","DENV3","queretaro",2018,0,0
"836","DENV3","queretaro",2019,0,0
"837","DENV3","queretaro",2020,0,0
"838","DENV3","queretaro",2021,0,0
"839","DENV3","queretaro",2022,0,0
"840","DENV3","queretaro",2023,0,0
"841","DENV3","quintana roo",2016,0,0
"842","DENV3","quintana roo",2017,0,0
"843","DENV3","quintana roo",2018,1.7307625739901e-05,0.0273972602739726
"844","DENV3","quintana roo",2019,8.6538128699505e-05,0.00392670157068063
"845","DENV3","quintana roo",2020,0,0
"846","DENV3","quintana roo",2021,3.4615251479802e-05,3.4615251479802e-05
"847","DENV3","quintana roo",2022,0.00434421406071515,0.735042735042735
"848","DENV3","quintana roo",2023,0.026740281768147,0.968911917098446
"849","DENV3","san luis potos'i",2016,0,0
"850","DENV3","san luis potos'i",2017,0,0
"851","DENV3","san luis potos'i",2018,0,0
"852","DENV3","san luis potos'i",2019,0,0
"853","DENV3","san luis potos'i",2020,6.9230502959604e-05,0
"854","DENV3","san luis potos'i",2021,1.7307625739901e-05,0
"855","DENV3","san luis potos'i",2022,0,1
"856","DENV3","san luis potos'i",2023,0.00136730243345218,0.333333333333333
"857","DENV3","san luis potosi",2016,0,0
"858","DENV3","san luis potosi",2017,1.7307625739901e-05,0
"859","DENV3","san luis potosi",2018,1.7307625739901e-05,0
"860","DENV3","san luis potosi",2019,0.000121153380179307,0
"861","DENV3","san luis potosi",2020,0,0
"862","DENV3","san luis potosi",2021,0,0
"863","DENV3","san luis potosi",2022,0,0
"864","DENV3","san luis potosi",2023,0,0
"865","DENV3","sinaloa",2016,0,0
"866","DENV3","sinaloa",2017,0,0
"867","DENV3","sinaloa",2018,0,0
"868","DENV3","sinaloa",2019,0,0.03125
"869","DENV3","sinaloa",2020,0,0
"870","DENV3","sinaloa",2021,0.000951919415694555,0.0277777777777778
"871","DENV3","sinaloa",2022,1.7307625739901e-05,0
"872","DENV3","sinaloa",2023,0.000224999134618713,0.6
"873","DENV3","sonora",2016,1.7307625739901e-05,0
"874","DENV3","sonora",2017,0,0
"875","DENV3","sonora",2018,0,0
"876","DENV3","sonora",2019,0,0
"877","DENV3","sonora",2020,0,0
"878","DENV3","sonora",2021,1.7307625739901e-05,0
"879","DENV3","sonora",2022,0.00110768804735366,0.00454545454545455
"880","DENV3","sonora",2023,1.7307625739901e-05,0.125
"881","DENV3","tabasco",2016,1.7307625739901e-05,0.0357142857142857
"882","DENV3","tabasco",2017,0,0
"883","DENV3","tabasco",2018,0,0
"884","DENV3","tabasco",2019,5.1922877219703e-05,0.0123674911660777
"885","DENV3","tabasco",2020,5.1922877219703e-05,0.0240963855421687
"886","DENV3","tabasco",2021,0.000536536397936931,0.666666666666667
"887","DENV3","tabasco",2022,0.00668074353560179,0.87719298245614
"888","DENV3","tabasco",2023,0.00564228599120773,0.887052341597796
"889","DENV3","tamaulipas",2016,0.000138461005919208,0.5
"890","DENV3","tamaulipas",2017,0.00122884142753297,0.136363636363636
"891","DENV3","tamaulipas",2018,8.6538128699505e-05,0.125
"892","DENV3","tamaulipas",2019,0,0.0234375
"893","DENV3","tamaulipas",2020,0.000380767766277822,0.0476190476190476
"894","DENV3","tamaulipas",2021,0,0
"895","DENV3","tamaulipas",2022,0.000190383883138911,0.333333333333333
"896","DENV3","tamaulipas",2023,0.00114230329883347,0.32
"897","DENV3","tlaxcala",2016,0,0
"898","DENV3","tlaxcala",2017,0,0
"899","DENV3","tlaxcala",2018,0,0
"900","DENV3","tlaxcala",2019,0,0
"901","DENV3","tlaxcala",2020,0,0
"902","DENV3","tlaxcala",2021,0,0
"903","DENV3","tlaxcala",2022,0,0
"904","DENV3","tlaxcala",2023,3.4615251479802e-05,1
"905","DENV3","veracruz",2016,0.000328844889058119,0.454545454545455
"906","DENV3","veracruz",2017,0.000103845754439406,0.0625
"907","DENV3","veracruz",2018,0.00017307625739901,0.0357142857142857
"908","DENV3","veracruz",2019,0.0016788396967704,0.0375275938189845
"909","DENV3","veracruz",2020,0.000276922011838416,0.024390243902439
"910","DENV3","veracruz",2021,0.000155768631659109,0.0118343195266272
"911","DENV3","veracruz",2022,0.00188653120564921,0.205387205387205
"912","DENV3","veracruz",2023,0.0068538197930008,0.26472675656494
"913","DENV3","yucat'an",2016,0,0
"914","DENV3","yucat'an",2017,0,0
"915","DENV3","yucat'an",2018,0,0
"916","DENV3","yucat'an",2019,0,0
"917","DENV3","yucat'an",2020,3.4615251479802e-05,0.0175438596491228
"918","DENV3","yucat'an",2021,1.7307625739901e-05,1.7307625739901e-05
"919","DENV3","yucat'an",2022,0.00276922011838416,0.621621621621622
"920","DENV3","yucat'an",2023,0.0442036761397072,0.966602129719264
"921","DENV3","yucatan",2016,1.7307625739901e-05,0
"922","DENV3","yucatan",2017,0,0
"923","DENV3","yucatan",2018,0,0
"924","DENV3","yucatan",2019,1.7307625739901e-05,0.00526315789473684
"925","DENV3","yucatan",2020,0,0
"926","DENV3","yucatan",2021,0,0
"927","DENV3","yucatan",2022,0,0
"928","DENV3","yucatan",2023,0,0
"929","DENV3","zacatecas",2016,0,0
"930","DENV3","zacatecas",2017,0,0
"931","DENV3","zacatecas",2018,0,0
"932","DENV3","zacatecas",2019,0,0
"933","DENV3","zacatecas",2020,0,0
"934","DENV3","zacatecas",2021,0,0
"935","DENV3","zacatecas",2022,0,0
"936","DENV3","zacatecas",2023,1.7307625739901e-05,0
"937","DENV4","aguascalientes",2016,0,0
"938","DENV4","aguascalientes",2017,0,0
"939","DENV4","aguascalientes",2018,0,0
"940","DENV4","aguascalientes",2019,0,0
"941","DENV4","aguascalientes",2020,0,0
"942","DENV4","aguascalientes",2021,0,0
"943","DENV4","aguascalientes",2022,0,0
"944","DENV4","aguascalientes",2023,1.7307625739901e-05,0
"945","DENV4","baja california",2016,0,0
"946","DENV4","baja california",2017,0,0
"947","DENV4","baja california",2018,0,0
"948","DENV4","baja california",2019,0,0
"949","DENV4","baja california",2020,0,0
"950","DENV4","baja california",2021,0,0
"951","DENV4","baja california",2022,0,0
"952","DENV4","baja california",2023,0,0
"953","DENV4","baja california sur",2016,0,0
"954","DENV4","baja california sur",2017,0,0
"955","DENV4","baja california sur",2018,0,0
"956","DENV4","baja california sur",2019,0,0
"957","DENV4","baja california sur",2020,0,0
"958","DENV4","baja california sur",2021,0,0
"959","DENV4","baja california sur",2022,0,0.037037037037037
"960","DENV4","baja california sur",2023,1.7307625739901e-05,0.0205479452054795
"961","DENV4","campeche",2016,0,0
"962","DENV4","campeche",2017,0,0
"963","DENV4","campeche",2018,0,0
"964","DENV4","campeche",2019,0,0
"965","DENV4","campeche",2020,0,0
"966","DENV4","campeche",2021,0,0
"967","DENV4","campeche",2022,1.7307625739901e-05,0
"968","DENV4","campeche",2023,0,0
"969","DENV4","chiapas",2016,0,0
"970","DENV4","chiapas",2017,0,0
"971","DENV4","chiapas",2018,1.7307625739901e-05,0
"972","DENV4","chiapas",2019,0,0.00189393939393939
"973","DENV4","chiapas",2020,0,0
"974","DENV4","chiapas",2021,6.9230502959604e-05,0.111111111111111
"975","DENV4","chiapas",2022,0.000242306760358614,0.125
"976","DENV4","chiapas",2023,0.000432690643497525,0.117154811715481
"977","DENV4","chihuahua",2016,0,0
"978","DENV4","chihuahua",2017,0,0
"979","DENV4","chihuahua",2018,0,0
"980","DENV4","chihuahua",2019,0,0
"981","DENV4","chihuahua",2020,0,0
"982","DENV4","chihuahua",2021,0,0
"983","DENV4","chihuahua",2022,0,0
"984","DENV4","chihuahua",2023,0,0
"985","DENV4","ciudad de m'exico",2016,0,0
"986","DENV4","ciudad de m'exico",2017,0,0
"987","DENV4","ciudad de m'exico",2018,0,0
"988","DENV4","ciudad de m'exico",2019,0,0
"989","DENV4","ciudad de m'exico",2020,0,0
"990","DENV4","ciudad de m'exico",2021,3.4615251479802e-05,0
"991","DENV4","ciudad de m'exico",2022,0,0
"992","DENV4","ciudad de m'exico",2023,6.9230502959604e-05,0
"993","DENV4","coahuila",2016,0,0
"994","DENV4","coahuila",2017,0,0
"995","DENV4","coahuila",2018,0,0
"996","DENV4","coahuila",2019,0,0
"997","DENV4","coahuila",2020,0,0
"998","DENV4","coahuila",2021,0,0
"999","DENV4","coahuila",2022,0,0
"1000","DENV4","coahuila",2023,6.9230502959604e-05,0.0769230769230769
"1001","DENV4","colima",2016,0,0
"1002","DENV4","colima",2017,0,0
"1003","DENV4","colima",2018,0,0
"1004","DENV4","colima",2019,0,0
"1005","DENV4","colima",2020,0,0
"1006","DENV4","colima",2021,0,0
"1007","DENV4","colima",2022,0,0
"1008","DENV4","colima",2023,0,0
"1009","DENV4","distrito federal",2016,0,0
"1010","DENV4","distrito federal",2017,0,0
"1011","DENV4","distrito federal",2018,0,0
"1012","DENV4","distrito federal",2019,0,0
"1013","DENV4","distrito federal",2020,0,0
"1014","DENV4","distrito federal",2021,0,0
"1015","DENV4","distrito federal",2022,0,0
"1016","DENV4","distrito federal",2023,0,0
"1017","DENV4","durango",2016,0,0
"1018","DENV4","durango",2017,0,0
"1019","DENV4","durango",2018,0,0
"1020","DENV4","durango",2019,0,0
"1021","DENV4","durango",2020,0,0
"1022","DENV4","durango",2021,0,0
"1023","DENV4","durango",2022,0,0
"1024","DENV4","durango",2023,0,0
"1025","DENV4","guanajuato",2016,0,0
"1026","DENV4","guanajuato",2017,0,0
"1027","DENV4","guanajuato",2018,0,0
"1028","DENV4","guanajuato",2019,0,0
"1029","DENV4","guanajuato",2020,0,0
"1030","DENV4","guanajuato",2021,0,0
"1031","DENV4","guanajuato",2022,0,0
"1032","DENV4","guanajuato",2023,0,0
"1033","DENV4","guerrero",2016,0.000138461005919208,0.032
"1034","DENV4","guerrero",2017,0,0
"1035","DENV4","guerrero",2018,0,0
"1036","DENV4","guerrero",2019,0,0
"1037","DENV4","guerrero",2020,0,0
"1038","DENV4","guerrero",2021,0,0
"1039","DENV4","guerrero",2022,0,0
"1040","DENV4","guerrero",2023,1.7307625739901e-05,0.00167084377610693
"1041","DENV4","hidalgo",2016,0,0
"1042","DENV4","hidalgo",2017,0,0
"1043","DENV4","hidalgo",2018,0,0
"1044","DENV4","hidalgo",2019,0,0
"1045","DENV4","hidalgo",2020,0,0
"1046","DENV4","hidalgo",2021,0,0
"1047","DENV4","hidalgo",2022,0,0
"1048","DENV4","hidalgo",2023,5.1922877219703e-05,0
"1049","DENV4","jalisco",2016,0,0
"1050","DENV4","jalisco",2017,0,0
"1051","DENV4","jalisco",2018,1.7307625739901e-05,0
"1052","DENV4","jalisco",2019,0,0
"1053","DENV4","jalisco",2020,0,0
"1054","DENV4","jalisco",2021,0,0
"1055","DENV4","jalisco",2022,1.7307625739901e-05,0
"1056","DENV4","jalisco",2023,1.7307625739901e-05,0
"1057","DENV4","m'exico",2016,0,0
"1058","DENV4","m'exico",2017,0,0
"1059","DENV4","m'exico",2018,0,0
"1060","DENV4","m'exico",2019,0,0
"1061","DENV4","m'exico",2020,0,0
"1062","DENV4","m'exico",2021,0,0
"1063","DENV4","m'exico",2022,0,0
"1064","DENV4","m'exico",2023,0,0
"1065","DENV4","mexico",2016,0,0
"1066","DENV4","mexico",2017,0,0
"1067","DENV4","mexico",2018,0,0
"1068","DENV4","mexico",2019,0,0
"1069","DENV4","mexico",2020,0,0
"1070","DENV4","mexico",2021,0,0
"1071","DENV4","mexico",2022,0,0
"1072","DENV4","mexico",2023,0,0
"1073","DENV4","michoac'an de ocampo",2016,0,0
"1074","DENV4","michoac'an de ocampo",2017,0,0
"1075","DENV4","michoac'an de ocampo",2018,0,0
"1076","DENV4","michoac'an de ocampo",2019,0,0
"1077","DENV4","michoac'an de ocampo",2020,0,0
"1078","DENV4","michoac'an de ocampo",2021,1.7307625739901e-05,0
"1079","DENV4","michoac'an de ocampo",2022,0,0
"1080","DENV4","michoac'an de ocampo",2023,5.1922877219703e-05,0
"1081","DENV4","michoacan",2016,1.7307625739901e-05,0
"1082","DENV4","michoacan",2017,0,0
"1083","DENV4","michoacan",2018,1.7307625739901e-05,0
"1084","DENV4","michoacan",2019,0,0
"1085","DENV4","michoacan",2020,0,0
"1086","DENV4","michoacan",2021,0,0
"1087","DENV4","michoacan",2022,0,0
"1088","DENV4","michoacan",2023,0,0
"1089","DENV4","morelos",2016,0,0
"1090","DENV4","morelos",2017,0,0
"1091","DENV4","morelos",2018,0,0
"1092","DENV4","morelos",2019,0,0
"1093","DENV4","morelos",2020,0,0
"1094","DENV4","morelos",2021,0,0
"1095","DENV4","morelos",2022,0,0
"1096","DENV4","morelos",2023,6.9230502959604e-05,0.00137174211248285
"1097","DENV4","nayarit",2016,0,0
"1098","DENV4","nayarit",2017,0,0
"1099","DENV4","nayarit",2018,0,0
"1100","DENV4","nayarit",2019,0,0
"1101","DENV4","nayarit",2020,0,0
"1102","DENV4","nayarit",2021,0,0
"1103","DENV4","nayarit",2022,0,0
"1104","DENV4","nayarit",2023,1.7307625739901e-05,0.0769230769230769
"1105","DENV4","nuevo le'on",2016,0,0
"1106","DENV4","nuevo le'on",2017,0,0
"1107","DENV4","nuevo le'on",2018,0,0
"1108","DENV4","nuevo le'on",2019,0,0
"1109","DENV4","nuevo le'on",2020,3.4615251479802e-05,0
"1110","DENV4","nuevo le'on",2021,0,0
"1111","DENV4","nuevo le'on",2022,1.7307625739901e-05,0.0833333333333333
"1112","DENV4","nuevo le'on",2023,5.1922877219703e-05,0.0666666666666667
"1113","DENV4","nuevo leon",2016,0,0
"1114","DENV4","nuevo leon",2017,0,0
"1115","DENV4","nuevo leon",2018,0,0
"1116","DENV4","nuevo leon",2019,0,0
"1117","DENV4","nuevo leon",2020,0,0
"1118","DENV4","nuevo leon",2021,0,0
"1119","DENV4","nuevo leon",2022,0,0
"1120","DENV4","nuevo leon",2023,0,0
"1121","DENV4","oaxaca",2016,5.1922877219703e-05,0.142857142857143
"1122","DENV4","oaxaca",2017,0,0
"1123","DENV4","oaxaca",2018,0,0
"1124","DENV4","oaxaca",2019,0,0
"1125","DENV4","oaxaca",2020,0,0
"1126","DENV4","oaxaca",2021,0,0
"1127","DENV4","oaxaca",2022,0,0
"1128","DENV4","oaxaca",2023,0.000121153380179307,0.0120967741935484
"1129","DENV4","puebla",2016,1.7307625739901e-05,0
"1130","DENV4","puebla",2017,0,0
"1131","DENV4","puebla",2018,0,0
"1132","DENV4","puebla",2019,0,0
"1133","DENV4","puebla",2020,0,0
"1134","DENV4","puebla",2021,0,0
"1135","DENV4","puebla",2022,0,0
"1136","DENV4","puebla",2023,0.00069230502959604,0.027027027027027
"1137","DENV4","quer'etaro",2016,0,0
"1138","DENV4","quer'etaro",2017,0,0
"1139","DENV4","quer'etaro",2018,0,0
"1140","DENV4","quer'etaro",2019,0,0
"1141","DENV4","quer'etaro",2020,0,0
"1142","DENV4","quer'etaro",2021,0,0
"1143","DENV4","quer'etaro",2022,0,0
"1144","DENV4","quer'etaro",2023,3.4615251479802e-05,0
"1145","DENV4","queretaro",2016,0,0
"1146","DENV4","queretaro",2017,0,0
"1147","DENV4","queretaro",2018,0,0
"1148","DENV4","queretaro",2019,0,0
"1149","DENV4","queretaro",2020,0,0
"1150","DENV4","queretaro",2021,0,0
"1151","DENV4","queretaro",2022,0,0
"1152","DENV4","queretaro",2023,0,0
"1153","DENV4","quintana roo",2016,1.7307625739901e-05,0
"1154","DENV4","quintana roo",2017,0,0
"1155","DENV4","quintana roo",2018,0,0
"1156","DENV4","quintana roo",2019,0,0
"1157","DENV4","quintana roo",2020,0,0
"1158","DENV4","quintana roo",2021,0,0
"1159","DENV4","quintana roo",2022,0.000207691508878812,0.00854700854700855
"1160","DENV4","quintana roo",2023,0.000276922011838416,0.00647668393782383
"1161","DENV4","san luis potos'i",2016,0,0
"1162","DENV4","san luis potos'i",2017,0,0
"1163","DENV4","san luis potos'i",2018,0,0
"1164","DENV4","san luis potos'i",2019,0,0
"1165","DENV4","san luis potos'i",2020,0,0
"1166","DENV4","san luis potos'i",2021,0,0
"1167","DENV4","san luis potos'i",2022,0,0
"1168","DENV4","san luis potos'i",2023,5.1922877219703e-05,0
"1169","DENV4","san luis potosi",2016,0,0
"1170","DENV4","san luis potosi",2017,0,0
"1171","DENV4","san luis potosi",2018,0,0
"1172","DENV4","san luis potosi",2019,0,0
"1173","DENV4","san luis potosi",2020,0,0
"1174","DENV4","san luis potosi",2021,0,0
"1175","DENV4","san luis potosi",2022,0,0
"1176","DENV4","san luis potosi",2023,0,0
"1177","DENV4","sinaloa",2016,0,0
"1178","DENV4","sinaloa",2017,0,0
"1179","DENV4","sinaloa",2018,0,0
"1180","DENV4","sinaloa",2019,0,0
"1181","DENV4","sinaloa",2020,0,0
"1182","DENV4","sinaloa",2021,0,0
"1183","DENV4","sinaloa",2022,1.7307625739901e-05,0
"1184","DENV4","sinaloa",2023,0,0
"1185","DENV4","sonora",2016,0,0
"1186","DENV4","sonora",2017,0,0
"1187","DENV4","sonora",2018,0,0
"1188","DENV4","sonora",2019,0,0
"1189","DENV4","sonora",2020,0,0
"1190","DENV4","sonora",2021,0,0
"1191","DENV4","sonora",2022,0,0
"1192","DENV4","sonora",2023,0,0.125
"1193","DENV4","tabasco",2016,0,0
"1194","DENV4","tabasco",2017,0,0
"1195","DENV4","tabasco",2018,0,0
"1196","DENV4","tabasco",2019,0,0
"1197","DENV4","tabasco",2020,0,0.00803212851405622
"1198","DENV4","tabasco",2021,0,0
"1199","DENV4","tabasco",2022,0.00017307625739901,0.0175438596491228
"1200","DENV4","tabasco",2023,0.000259614386098515,0.0110192837465565
"1201","DENV4","tamaulipas",2016,0,0
"1202","DENV4","tamaulipas",2017,0,0
"1203","DENV4","tamaulipas",2018,0,0
"1204","DENV4","tamaulipas",2019,0,0
"1205","DENV4","tamaulipas",2020,0,0
"1206","DENV4","tamaulipas",2021,0,0
"1207","DENV4","tamaulipas",2022,0,0
"1208","DENV4","tamaulipas",2023,0.000138461005919208,0.08
"1209","DENV4","tlaxcala",2016,0,0
"1210","DENV4","tlaxcala",2017,0,0
"1211","DENV4","tlaxcala",2018,0,0
"1212","DENV4","tlaxcala",2019,0,0
"1213","DENV4","tlaxcala",2020,0,0
"1214","DENV4","tlaxcala",2021,0,0
"1215","DENV4","tlaxcala",2022,0,0
"1216","DENV4","tlaxcala",2023,0,0
"1217","DENV4","veracruz",2016,6.9230502959604e-05,0
"1218","DENV4","veracruz",2017,0,0
"1219","DENV4","veracruz",2018,3.4615251479802e-05,0
"1220","DENV4","veracruz",2019,0.000363460140537921,0.00441501103752759
"1221","DENV4","veracruz",2020,0,0.00609756097560976
"1222","DENV4","veracruz",2021,1.7307625739901e-05,0
"1223","DENV4","veracruz",2022,0.000207691508878812,0.0235690235690236
"1224","DENV4","veracruz",2023,0.00226729897192703,0.0695528743789922
"1225","DENV4","yucat'an",2016,0,0
"1226","DENV4","yucat'an",2017,0,0
"1227","DENV4","yucat'an",2018,0,0
"1228","DENV4","yucat'an",2019,0,0
"1229","DENV4","yucat'an",2020,0,0
"1230","DENV4","yucat'an",2021,0,0
"1231","DENV4","yucat'an",2022,3.4615251479802e-05,0
"1232","DENV4","yucat'an",2023,0.000415383017757624,0.00193610842207164
"1233","DENV4","yucatan",2016,0,0.25
"1234","DENV4","yucatan",2017,0,0
"1235","DENV4","yucatan",2018,0,0
"1236","DENV4","yucatan",2019,0,0
"1237","DENV4","yucatan",2020,0,0
"1238","DENV4","yucatan",2021,0,0
"1239","DENV4","yucatan",2022,0,0
"1240","DENV4","yucatan",2023,0,0
"1241","DENV4","zacatecas",2016,0,0
"1242","DENV4","zacatecas",2017,0,0
"1243","DENV4","zacatecas",2018,0,0
"1244","DENV4","zacatecas",2019,0,0
"1245","DENV4","zacatecas",2020,0,0
"1246","DENV4","zacatecas",2021,0,0
"1247","DENV4","zacatecas",2022,0,0
"1248","DENV4","zacatecas",2023,0,0
